Sales,Date,DayOfWeek,Open,Promo,SchoolHoliday,StateHoliday_0,StateHoliday_a,StateHoliday_b,StateHoliday_c,Month,Year,Day_year_norm,Is_weekend,Day_month_sin,Day_month_cos,dow_sin,dow_cos
6089.0,2013-01-02,2,1,0,1,1,0,0,0,0,0.0,0.0,0,0.2079116908177593,0.9189578116202306,0.9749279121818236,-0.22252093395631434
5398.0,2013-01-03,3,1,0,0,1,0,0,0,0,0.0,0.0027548209366391,0,0.4067366430758001,0.8207634412072763,0.43388373911755823,-0.900968867902419
6092.0,2013-01-04,4,1,0,0,1,0,0,0,0,0.0,0.0055096418732782,0,0.5877852522924731,0.6889669190756866,-0.433883739117558,-0.9009688679024191
3872.0,2013-01-05,5,1,0,0,1,0,0,0,0,0.0,0.0082644628099173,1,0.7431448254773941,0.5289640103269624,-0.9749279121818236,-0.2225209339563146
8591.0,2013-01-07,0,1,1,0,1,0,0,0,0,0.0,0.0137741046831955,0,0.9510565162951536,0.1514277775045767,0.0,1.0
7099.0,2013-01-08,1,1,1,0,1,0,0,0,0,0.0,0.0165289256198347,0,0.9945218953682732,-0.0506491688387126,0.7818314824680298,0.6234898018587336
6749.0,2013-01-09,2,1,1,0,1,0,0,0,0,0.0,0.0192837465564738,0,0.9945218953682734,-0.2506525322587204,0.9749279121818236,-0.22252093395631434
6282.0,2013-01-10,3,1,1,0,1,0,0,0,0,0.0,0.0220385674931129,0,0.9510565162951536,-0.4403941515576344,0.43388373911755823,-0.900968867902419
6829.0,2013-01-11,4,1,1,0,1,0,0,0,0,0.0,0.024793388429752,0,0.8660254037844387,-0.6121059825476626,-0.433883739117558,-0.9009688679024191
3829.0,2013-01-12,5,1,0,0,1,0,0,0,0,0.0,0.0275482093663911,1,0.7431448254773945,-0.758758122692791,-0.9749279121818236,-0.2225209339563146
5908.0,2013-01-14,0,1,0,0,1,0,0,0,0,0.0,0.0330578512396694,0,0.4067366430758,-0.9541392564000488,0.0,1.0
5861.0,2013-01-15,1,1,0,0,1,0,0,0,0,0.0,0.0358126721763085,0,0.2079116908177593,-0.994869323391895,0.7818314824680298,0.6234898018587336
4454.0,2013-01-16,2,1,0,0,1,0,0,0,0,0.0,0.0385674931129476,0,5.66553889764798e-16,-0.9948693233918952,0.9749279121818236,-0.22252093395631434
5235.0,2013-01-17,3,1,0,0,1,0,0,0,0,0.0,0.0413223140495867,0,-0.207911690817759,-0.9541392564000488,0.43388373911755823,-0.900968867902419
5553.0,2013-01-18,4,1,0,0,1,0,0,0,0,0.0,0.0440771349862259,0,-0.4067366430758002,-0.8743466161445822,-0.433883739117558,-0.9009688679024191
3702.0,2013-01-19,5,1,0,0,1,0,0,0,0,0.0,0.046831955922865,1,-0.587785252292473,-0.7587581226927911,-0.9749279121818236,-0.2225209339563146
6764.0,2013-01-21,0,1,1,0,1,0,0,0,0,0.0,0.0523415977961432,0,-0.8660254037844385,-0.4403941515576342,0.0,1.0
7066.0,2013-01-22,1,1,1,0,1,0,0,0,0,0.0,0.0550964187327823,0,-0.9510565162951536,-0.2506525322587213,0.7818314824680298,0.6234898018587336
7343.0,2013-01-23,2,1,1,0,1,0,0,0,0,0.0,0.0578512396694214,0,-0.9945218953682732,-0.0506491688387135,0.9749279121818236,-0.22252093395631434
5844.0,2013-01-24,3,1,1,0,1,0,0,0,0,0.0,0.0606060606060606,0,-0.9945218953682734,0.1514277775045766,0.43388373911755823,-0.900968867902419
6433.0,2013-01-25,4,1,1,0,1,0,0,0,0,0.0,0.0633608815426997,0,-0.9510565162951536,0.3473052528448203,-0.433883739117558,-0.9009688679024191
3443.0,2013-01-26,5,1,0,0,1,0,0,0,0,0.0,0.0661157024793388,1,-0.8660254037844386,0.5289640103269624,-0.9749279121818236,-0.2225209339563146
6209.0,2013-01-28,0,1,0,0,1,0,0,0,0,0.0,0.071625344352617,0,-0.5877852522924734,0.8207634412072763,0.0,1.0
5411.0,2013-01-29,1,1,0,0,1,0,0,0,0,0.0,0.0743801652892562,0,-0.4067366430758001,0.9189578116202306,0.7818314824680298,0.6234898018587336
5751.0,2013-01-30,2,1,0,0,1,0,0,0,0,0.0,0.0771349862258953,0,-0.2079116908177589,0.9795299412524944,0.9749279121818236,-0.22252093395631434
6458.0,2013-01-31,3,1,0,0,1,0,0,0,0,0.0,0.0798898071625344,0,-1.133107779529596e-15,1.0,0.43388373911755823,-0.900968867902419
6601.0,2013-02-01,4,1,0,0,1,0,0,0,1,0.0,0.0826446280991735,0,0.0,0.9795299412524944,-0.433883739117558,-0.9009688679024191
3927.0,2013-02-02,5,1,0,0,1,0,0,0,1,0.0,0.0853994490358126,1,0.2079116908177593,0.9189578116202306,-0.9749279121818236,-0.2225209339563146
7954.0,2013-02-04,0,1,1,1,1,0,0,0,1,0.0,0.0909090909090909,0,0.5877852522924731,0.6889669190756866,0.0,1.0
7334.0,2013-02-05,1,1,1,1,1,0,0,0,1,0.0,0.09366391184573,0,0.7431448254773941,0.5289640103269624,0.7818314824680298,0.6234898018587336
6871.0,2013-02-06,2,1,1,1,1,0,0,0,1,0.0,0.0964187327823691,0,0.8660254037844386,0.3473052528448203,0.9749279121818236,-0.22252093395631434
6193.0,2013-02-07,3,1,1,1,1,0,0,0,1,0.0,0.0991735537190082,0,0.9510565162951536,0.1514277775045767,0.43388373911755823,-0.900968867902419
6623.0,2013-02-08,4,1,1,1,1,0,0,0,1,0.0,0.1019283746556473,0,0.9945218953682732,-0.0506491688387126,-0.433883739117558,-0.9009688679024191
3851.0,2013-02-09,5,1,0,0,1,0,0,0,1,0.0,0.1046831955922865,1,0.9945218953682734,-0.2506525322587204,-0.9749279121818236,-0.2225209339563146
5695.0,2013-02-11,0,1,0,1,1,0,0,0,1,0.0,0.1101928374655647,0,0.8660254037844387,-0.6121059825476626,0.0,1.0
5119.0,2013-02-12,1,1,0,1,1,0,0,0,1,0.0,0.1129476584022038,0,0.7431448254773945,-0.758758122692791,0.7818314824680298,0.6234898018587336
4804.0,2013-02-13,2,1,0,1,1,0,0,0,1,0.0,0.1157024793388429,0,0.5877852522924732,-0.8743466161445821,0.9749279121818236,-0.22252093395631434
5056.0,2013-02-14,3,1,0,1,1,0,0,0,1,0.0,0.1184573002754821,0,0.4067366430758,-0.9541392564000488,0.43388373911755823,-0.900968867902419
5215.0,2013-02-15,4,1,0,1,1,0,0,0,1,0.0,0.1212121212121212,0,0.2079116908177593,-0.994869323391895,-0.433883739117558,-0.9009688679024191
3779.0,2013-02-16,5,1,0,0,1,0,0,0,1,0.0,0.1239669421487603,1,5.66553889764798e-16,-0.9948693233918952,-0.9749279121818236,-0.2225209339563146
8262.0,2013-02-18,0,1,1,0,1,0,0,0,1,0.0,0.1294765840220385,0,-0.4067366430758002,-0.8743466161445822,0.0,1.0
6450.0,2013-02-19,1,1,1,0,1,0,0,0,1,0.0,0.1322314049586777,0,-0.587785252292473,-0.7587581226927911,0.7818314824680298,0.6234898018587336
6535.0,2013-02-20,2,1,1,0,1,0,0,0,1,0.0,0.1349862258953168,0,-0.743144825477394,-0.6121059825476627,0.9749279121818236,-0.22252093395631434
6252.0,2013-02-21,3,1,1,0,1,0,0,0,1,0.0,0.1377410468319559,0,-0.8660254037844385,-0.4403941515576342,0.43388373911755823,-0.900968867902419
6796.0,2013-02-22,4,1,1,0,1,0,0,0,1,0.0,0.140495867768595,0,-0.9510565162951536,-0.2506525322587213,-0.433883739117558,-0.9009688679024191
3403.0,2013-02-23,5,1,0,0,1,0,0,0,1,0.0,0.1432506887052341,1,-0.9945218953682732,-0.0506491688387135,-0.9749279121818236,-0.2225209339563146
5660.0,2013-02-25,0,1,0,0,1,0,0,0,1,0.0,0.1487603305785124,0,-0.9510565162951536,0.3473052528448203,0.0,1.0
5471.0,2013-02-26,1,1,0,0,1,0,0,0,1,0.0,0.1515151515151515,0,-0.8660254037844386,0.5289640103269624,0.7818314824680298,0.6234898018587336
5280.0,2013-02-27,2,1,0,0,1,0,0,0,1,0.0,0.1542699724517906,0,-0.743144825477394,0.6889669190756865,0.9749279121818236,-0.22252093395631434
6524.0,2013-02-28,3,1,0,0,1,0,0,0,1,0.0,0.1570247933884297,0,-0.5877852522924734,0.8207634412072763,0.43388373911755823,-0.900968867902419
6755.0,2013-03-01,4,1,0,0,1,0,0,0,2,0.0,0.1597796143250688,0,0.0,0.9795299412524944,-0.433883739117558,-0.9009688679024191
4257.0,2013-03-02,5,1,0,0,1,0,0,0,2,0.0,0.162534435261708,1,0.2079116908177593,0.9189578116202306,-0.9749279121818236,-0.2225209339563146
8596.0,2013-03-04,0,1,1,0,1,0,0,0,2,0.0,0.1680440771349862,0,0.5877852522924731,0.6889669190756866,0.0,1.0
8057.0,2013-03-05,1,1,1,0,1,0,0,0,2,0.0,0.1707988980716253,0,0.7431448254773941,0.5289640103269624,0.7818314824680298,0.6234898018587336
7243.0,2013-03-06,2,1,1,0,1,0,0,0,2,0.0,0.1735537190082644,0,0.8660254037844386,0.3473052528448203,0.9749279121818236,-0.22252093395631434
6867.0,2013-03-07,3,1,1,0,1,0,0,0,2,0.0,0.1763085399449036,0,0.9510565162951536,0.1514277775045767,0.43388373911755823,-0.900968867902419
6630.0,2013-03-08,4,1,1,0,1,0,0,0,2,0.0,0.1790633608815427,0,0.9945218953682732,-0.0506491688387126,-0.433883739117558,-0.9009688679024191
3450.0,2013-03-09,5,1,0,0,1,0,0,0,2,0.0,0.1818181818181818,1,0.9945218953682734,-0.2506525322587204,-0.9749279121818236,-0.2225209339563146
5680.0,2013-03-11,0,1,0,0,1,0,0,0,2,0.0,0.18732782369146,0,0.8660254037844387,-0.6121059825476626,0.0,1.0
5579.0,2013-03-12,1,1,0,0,1,0,0,0,2,0.0,0.1900826446280991,0,0.7431448254773945,-0.758758122692791,0.7818314824680298,0.6234898018587336
5129.0,2013-03-13,2,1,0,0,1,0,0,0,2,0.0,0.1928374655647383,0,0.5877852522924732,-0.8743466161445821,0.9749279121818236,-0.22252093395631434
5697.0,2013-03-14,3,1,0,0,1,0,0,0,2,0.0,0.1955922865013774,0,0.4067366430758,-0.9541392564000488,0.43388373911755823,-0.900968867902419
5838.0,2013-03-15,4,1,0,0,1,0,0,0,2,0.0,0.1983471074380165,0,0.2079116908177593,-0.994869323391895,-0.433883739117558,-0.9009688679024191
3750.0,2013-03-16,5,1,0,0,1,0,0,0,2,0.0,0.2011019283746556,1,5.66553889764798e-16,-0.9948693233918952,-0.9749279121818236,-0.2225209339563146
7907.0,2013-03-18,0,1,1,0,1,0,0,0,2,0.0,0.2066115702479339,0,-0.4067366430758002,-0.8743466161445822,0.0,1.0
6603.0,2013-03-19,1,1,1,0,1,0,0,0,2,0.0,0.209366391184573,0,-0.587785252292473,-0.7587581226927911,0.7818314824680298,0.6234898018587336
7506.0,2013-03-20,2,1,1,0,1,0,0,0,2,0.0,0.2121212121212121,0,-0.743144825477394,-0.6121059825476627,0.9749279121818236,-0.22252093395631434
6335.0,2013-03-21,3,1,1,0,1,0,0,0,2,0.0,0.2148760330578512,0,-0.8660254037844385,-0.4403941515576342,0.43388373911755823,-0.900968867902419
6745.0,2013-03-22,4,1,1,0,1,0,0,0,2,0.0,0.2176308539944903,0,-0.9510565162951536,-0.2506525322587213,-0.433883739117558,-0.9009688679024191
3582.0,2013-03-23,5,1,0,0,1,0,0,0,2,0.0,0.2203856749311294,1,-0.9945218953682732,-0.0506491688387135,-0.9749279121818236,-0.2225209339563146
8285.0,2013-03-25,0,1,1,0,1,0,0,0,2,0.0,0.2258953168044077,0,-0.9510565162951536,0.3473052528448203,0.0,1.0
8286.0,2013-03-26,1,1,1,0,1,0,0,0,2,0.0,0.2286501377410468,0,-0.8660254037844386,0.5289640103269624,0.7818314824680298,0.6234898018587336
8296.0,2013-03-27,2,1,1,0,1,0,0,0,2,0.0,0.2314049586776859,0,-0.743144825477394,0.6889669190756865,0.9749279121818236,-0.22252093395631434
10228.0,2013-03-28,3,1,1,0,1,0,0,0,2,0.0,0.234159779614325,0,-0.5877852522924734,0.8207634412072763,0.43388373911755823,-0.900968867902419
5249.0,2013-03-30,5,1,0,0,1,0,0,0,2,0.0,0.2396694214876033,1,-0.2079116908177589,0.9795299412524944,-0.9749279121818236,-0.2225209339563146
7028.0,2013-04-02,1,1,0,1,1,0,0,0,3,0.0,0.2479338842975206,0,0.2079116908177593,0.9189578116202306,0.7818314824680298,0.6234898018587336
6066.0,2013-04-03,2,1,0,1,1,0,0,0,3,0.0,0.2506887052341598,0,0.4067366430758001,0.8207634412072763,0.9749279121818236,-0.22252093395631434
5359.0,2013-04-04,3,1,0,1,1,0,0,0,3,0.0,0.2534435261707989,0,0.5877852522924731,0.6889669190756866,0.43388373911755823,-0.900968867902419
5798.0,2013-04-05,4,1,0,1,1,0,0,0,3,0.0,0.256198347107438,0,0.7431448254773941,0.5289640103269624,-0.433883739117558,-0.9009688679024191
3297.0,2013-04-06,5,1,0,0,1,0,0,0,3,0.0,0.2589531680440771,1,0.8660254037844386,0.3473052528448203,-0.9749279121818236,-0.2225209339563146
7883.0,2013-04-08,0,1,1,0,1,0,0,0,3,0.0,0.2644628099173554,0,0.9945218953682732,-0.0506491688387126,0.0,1.0
7676.0,2013-04-09,1,1,1,0,1,0,0,0,3,0.0,0.2672176308539944,0,0.9945218953682734,-0.2506525322587204,0.7818314824680298,0.6234898018587336
6645.0,2013-04-10,2,1,1,0,1,0,0,0,3,0.0,0.2699724517906336,0,0.9510565162951536,-0.4403941515576344,0.9749279121818236,-0.22252093395631434
6389.0,2013-04-11,3,1,1,0,1,0,0,0,3,0.0,0.2727272727272727,0,0.8660254037844387,-0.6121059825476626,0.43388373911755823,-0.900968867902419
6520.0,2013-04-12,4,1,1,0,1,0,0,0,3,0.0,0.2754820936639118,0,0.7431448254773945,-0.758758122692791,-0.433883739117558,-0.9009688679024191
3121.0,2013-04-13,5,1,0,0,1,0,0,0,3,0.0,0.2782369146005509,1,0.5877852522924732,-0.8743466161445821,-0.9749279121818236,-0.2225209339563146
5683.0,2013-04-15,0,1,0,0,1,0,0,0,3,0.0,0.2837465564738292,0,0.2079116908177593,-0.994869323391895,0.0,1.0
5641.0,2013-04-16,1,1,0,0,1,0,0,0,3,0.0,0.2865013774104683,0,5.66553889764798e-16,-0.9948693233918952,0.7818314824680298,0.6234898018587336
5758.0,2013-04-17,2,1,0,0,1,0,0,0,3,0.0,0.2892561983471074,0,-0.207911690817759,-0.9541392564000488,0.9749279121818236,-0.22252093395631434
5156.0,2013-04-18,3,1,0,0,1,0,0,0,3,0.0,0.2920110192837465,0,-0.4067366430758002,-0.8743466161445822,0.43388373911755823,-0.900968867902419
5872.0,2013-04-19,4,1,0,0,1,0,0,0,3,0.0,0.2947658402203857,0,-0.587785252292473,-0.7587581226927911,-0.433883739117558,-0.9009688679024191
4166.0,2013-04-20,5,1,0,0,1,0,0,0,3,0.0,0.2975206611570248,1,-0.743144825477394,-0.6121059825476627,-0.9749279121818236,-0.2225209339563146
8100.0,2013-04-22,0,1,1,0,1,0,0,0,3,0.0,0.303030303030303,0,-0.9510565162951536,-0.2506525322587213,0.0,1.0
7543.0,2013-04-23,1,1,1,0,1,0,0,0,3,0.0,0.3057851239669422,0,-0.9945218953682732,-0.0506491688387135,0.7818314824680298,0.6234898018587336
6514.0,2013-04-24,2,1,1,0,1,0,0,0,3,0.0,0.3085399449035813,0,-0.9945218953682734,0.1514277775045766,0.9749279121818236,-0.22252093395631434
6212.0,2013-04-25,3,1,1,0,1,0,0,0,3,0.0,0.3112947658402203,0,-0.9510565162951536,0.3473052528448203,0.43388373911755823,-0.900968867902419
6598.0,2013-04-26,4,1,1,0,1,0,0,0,3,0.0,0.3140495867768595,0,-0.8660254037844386,0.5289640103269624,-0.433883739117558,-0.9009688679024191
3346.0,2013-04-27,5,1,0,0,1,0,0,0,3,0.0,0.3168044077134986,1,-0.743144825477394,0.6889669190756865,-0.9749279121818236,-0.2225209339563146
8088.0,2013-04-29,0,1,1,0,1,0,0,0,3,0.0,0.3223140495867768,0,-0.4067366430758001,0.9189578116202306,0.0,1.0
9810.0,2013-04-30,1,1,1,0,1,0,0,0,3,0.0,0.325068870523416,0,-0.2079116908177589,0.9795299412524944,0.7818314824680298,0.6234898018587336
8943.0,2013-05-02,3,1,1,0,1,0,0,0,4,0.0,0.3305785123966942,0,0.2079116908177593,0.9189578116202306,0.43388373911755823,-0.900968867902419
8164.0,2013-05-03,4,1,1,0,1,0,0,0,4,0.0,0.3333333333333333,0,0.4067366430758001,0.8207634412072763,-0.433883739117558,-0.9009688679024191
3620.0,2013-05-04,5,1,0,0,1,0,0,0,4,0.0,0.3360881542699724,1,0.5877852522924731,0.6889669190756866,-0.9749279121818236,-0.2225209339563146
5918.0,2013-05-06,0,1,0,0,1,0,0,0,4,0.0,0.3415977961432507,0,0.8660254037844386,0.3473052528448203,0.0,1.0
6581.0,2013-05-07,1,1,0,0,1,0,0,0,4,0.0,0.3443526170798898,0,0.9510565162951536,0.1514277775045767,0.7818314824680298,0.6234898018587336
7143.0,2013-05-08,2,1,0,0,1,0,0,0,4,0.0,0.3471074380165289,0,0.9945218953682732,-0.0506491688387126,0.9749279121818236,-0.22252093395631434
6355.0,2013-05-10,4,1,0,1,1,0,0,0,4,0.0,0.3526170798898072,0,0.9510565162951536,-0.4403941515576344,-0.433883739117558,-0.9009688679024191
4094.0,2013-05-11,5,1,0,0,1,0,0,0,4,0.0,0.3553719008264462,1,0.8660254037844387,-0.6121059825476626,-0.9749279121818236,-0.2225209339563146
8389.0,2013-05-13,0,1,1,0,1,0,0,0,4,0.0,0.3608815426997245,0,0.5877852522924732,-0.8743466161445821,0.0,1.0
7179.0,2013-05-14,1,1,1,0,1,0,0,0,4,0.0,0.3636363636363636,0,0.4067366430758,-0.9541392564000488,0.7818314824680298,0.6234898018587336
7219.0,2013-05-15,2,1,1,0,1,0,0,0,4,0.0,0.3663911845730027,0,0.2079116908177593,-0.994869323391895,0.9749279121818236,-0.22252093395631434
6902.0,2013-05-16,3,1,1,0,1,0,0,0,4,0.0,0.3691460055096419,0,5.66553889764798e-16,-0.9948693233918952,0.43388373911755823,-0.900968867902419
7346.0,2013-05-17,4,1,1,0,1,0,0,0,4,0.0,0.371900826446281,0,-0.207911690817759,-0.9541392564000488,-0.433883739117558,-0.9009688679024191
3822.0,2013-05-18,5,1,0,0,1,0,0,0,4,0.0,0.3746556473829201,1,-0.4067366430758002,-0.8743466161445822,-0.9749279121818236,-0.2225209339563146
7053.0,2013-05-21,1,1,0,1,1,0,0,0,4,0.0,0.3829201101928375,0,-0.8660254037844385,-0.4403941515576342,0.7818314824680298,0.6234898018587336
5498.0,2013-05-22,2,1,0,1,1,0,0,0,4,0.0,0.3856749311294766,0,-0.9510565162951536,-0.2506525322587213,0.9749279121818236,-0.22252093395631434
6249.0,2013-05-23,3,1,0,0,1,0,0,0,4,0.0,0.3884297520661157,0,-0.9945218953682732,-0.0506491688387135,0.43388373911755823,-0.900968867902419
6397.0,2013-05-24,4,1,0,0,1,0,0,0,4,0.0,0.3911845730027548,0,-0.9945218953682734,0.1514277775045766,-0.433883739117558,-0.9009688679024191
4100.0,2013-05-25,5,1,0,0,1,0,0,0,4,0.0,0.393939393939394,1,-0.9510565162951536,0.3473052528448203,-0.9749279121818236,-0.2225209339563146
7806.0,2013-05-27,0,1,1,0,1,0,0,0,4,0.0,0.3994490358126721,0,-0.743144825477394,0.6889669190756865,0.0,1.0
6508.0,2013-05-28,1,1,1,0,1,0,0,0,4,0.0,0.4022038567493113,0,-0.5877852522924734,0.8207634412072763,0.7818314824680298,0.6234898018587336
6571.0,2013-05-29,2,1,1,0,1,0,0,0,4,0.0,0.4049586776859504,0,-0.4067366430758001,0.9189578116202306,0.9749279121818236,-0.22252093395631434
6594.0,2013-05-30,3,1,1,0,0,1,0,0,4,0.0,0.4077134986225895,0,-0.2079116908177589,0.9795299412524944,0.43388373911755823,-0.900968867902419
9521.0,2013-05-31,4,1,1,0,1,0,0,0,4,0.0,0.4104683195592286,0,-1.133107779529596e-15,1.0,-0.433883739117558,-0.9009688679024191
4282.0,2013-06-01,5,1,0,0,1,0,0,0,5,0.0,0.4132231404958678,1,0.0,0.9795299412524944,-0.9749279121818236,-0.2225209339563146
7155.0,2013-06-03,0,1,1,0,1,0,0,0,5,0.0,0.418732782369146,0,0.4067366430758001,0.8207634412072763,0.0,1.0
7563.0,2013-06-04,1,1,1,0,1,0,0,0,5,0.0,0.4214876033057851,0,0.5877852522924731,0.6889669190756866,0.7818314824680298,0.6234898018587336
7138.0,2013-06-05,2,1,1,0,1,0,0,0,5,0.0,0.4242424242424242,0,0.7431448254773941,0.5289640103269624,0.9749279121818236,-0.22252093395631434
6780.0,2013-06-06,3,1,1,0,1,0,0,0,5,0.0,0.4269972451790634,0,0.8660254037844386,0.3473052528448203,0.43388373911755823,-0.900968867902419
7755.0,2013-06-07,4,1,1,0,1,0,0,0,5,0.0,0.4297520661157025,0,0.9510565162951536,0.1514277775045767,-0.433883739117558,-0.9009688679024191
4357.0,2013-06-08,5,1,0,0,1,0,0,0,5,0.0,0.4325068870523416,1,0.9945218953682732,-0.0506491688387126,-0.9749279121818236,-0.2225209339563146
6669.0,2013-06-10,0,1,0,0,1,0,0,0,5,0.0,0.4380165289256199,0,0.9510565162951536,-0.4403941515576344,0.0,1.0
6184.0,2013-06-11,1,1,0,0,1,0,0,0,5,0.0,0.4407713498622589,0,0.8660254037844387,-0.6121059825476626,0.7818314824680298,0.6234898018587336
6109.0,2013-06-12,2,1,0,0,1,0,0,0,5,0.0,0.443526170798898,0,0.7431448254773945,-0.758758122692791,0.9749279121818236,-0.22252093395631434
5472.0,2013-06-13,3,1,0,0,1,0,0,0,5,0.0,0.4462809917355372,0,0.5877852522924732,-0.8743466161445821,0.43388373911755823,-0.900968867902419
6440.0,2013-06-14,4,1,0,0,1,0,0,0,5,0.0,0.4490358126721763,0,0.4067366430758,-0.9541392564000488,-0.433883739117558,-0.9009688679024191
3951.0,2013-06-15,5,1,0,0,1,0,0,0,5,0.0,0.4517906336088154,1,0.2079116908177593,-0.994869323391895,-0.9749279121818236,-0.2225209339563146
7995.0,2013-06-17,0,1,1,0,1,0,0,0,5,0.0,0.4573002754820937,0,-0.207911690817759,-0.9541392564000488,0.0,1.0
7317.0,2013-06-18,1,1,1,0,1,0,0,0,5,0.0,0.4600550964187328,0,-0.4067366430758002,-0.8743466161445822,0.7818314824680298,0.6234898018587336
6975.0,2013-06-19,2,1,1,0,1,0,0,0,5,0.0,0.4628099173553719,0,-0.587785252292473,-0.7587581226927911,0.9749279121818236,-0.22252093395631434
6298.0,2013-06-20,3,1,1,0,1,0,0,0,5,0.0,0.465564738292011,0,-0.743144825477394,-0.6121059825476627,0.43388373911755823,-0.900968867902419
7285.0,2013-06-21,4,1,1,0,1,0,0,0,5,0.0,0.4683195592286501,0,-0.8660254037844385,-0.4403941515576342,-0.433883739117558,-0.9009688679024191
4501.0,2013-06-22,5,1,0,0,1,0,0,0,5,0.0,0.4710743801652893,1,-0.9510565162951536,-0.2506525322587213,-0.9749279121818236,-0.2225209339563146
6394.0,2013-06-24,0,1,0,0,1,0,0,0,5,0.0,0.4765840220385675,0,-0.9945218953682734,0.1514277775045766,0.0,1.0
4942.0,2013-06-25,1,1,0,0,1,0,0,0,5,0.0,0.4793388429752066,0,-0.9510565162951536,0.3473052528448203,0.7818314824680298,0.6234898018587336
5938.0,2013-06-26,2,1,0,0,1,0,0,0,5,0.0,0.4820936639118457,0,-0.8660254037844386,0.5289640103269624,0.9749279121818236,-0.22252093395631434
5988.0,2013-06-27,3,1,0,0,1,0,0,0,5,0.0,0.4848484848484848,0,-0.743144825477394,0.6889669190756865,0.43388373911755823,-0.900968867902419
7437.0,2013-06-28,4,1,0,0,1,0,0,0,5,0.0,0.4876033057851239,0,-0.5877852522924734,0.8207634412072763,-0.433883739117558,-0.9009688679024191
4460.0,2013-06-29,5,1,0,0,1,0,0,0,5,0.0,0.4903581267217631,1,-0.4067366430758001,0.9189578116202306,-0.9749279121818236,-0.2225209339563146
9914.0,2013-07-01,0,1,1,0,1,0,0,0,6,0.0,0.4958677685950413,0,0.0,0.9795299412524944,0.0,1.0
7909.0,2013-07-02,1,1,1,0,1,0,0,0,6,0.0,0.4986225895316804,0,0.2079116908177593,0.9189578116202306,0.7818314824680298,0.6234898018587336
7496.0,2013-07-03,2,1,1,0,1,0,0,0,6,0.0,0.5013774104683195,0,0.4067366430758001,0.8207634412072763,0.9749279121818236,-0.22252093395631434
6871.0,2013-07-04,3,1,1,0,1,0,0,0,6,0.0,0.5041322314049588,0,0.5877852522924731,0.6889669190756866,0.43388373911755823,-0.900968867902419
6723.0,2013-07-05,4,1,1,0,1,0,0,0,6,0.0,0.5068870523415978,0,0.7431448254773941,0.5289640103269624,-0.433883739117558,-0.9009688679024191
3912.0,2013-07-06,5,1,0,0,1,0,0,0,6,0.0,0.5096418732782368,1,0.8660254037844386,0.3473052528448203,-0.9749279121818236,-0.2225209339563146
7090.0,2013-07-08,0,1,0,0,1,0,0,0,6,0.0,0.5151515151515151,0,0.9945218953682732,-0.0506491688387126,0.0,1.0
5749.0,2013-07-09,1,1,0,0,1,0,0,0,6,0.0,0.5179063360881542,0,0.9945218953682734,-0.2506525322587204,0.7818314824680298,0.6234898018587336
5765.0,2013-07-10,2,1,0,0,1,0,0,0,6,0.0,0.5206611570247934,0,0.9510565162951536,-0.4403941515576344,0.9749279121818236,-0.22252093395631434
5796.0,2013-07-11,3,1,0,0,1,0,0,0,6,0.0,0.5234159779614325,0,0.8660254037844387,-0.6121059825476626,0.43388373911755823,-0.900968867902419
6575.0,2013-07-12,4,1,0,0,1,0,0,0,6,0.0,0.5261707988980717,0,0.7431448254773945,-0.758758122692791,-0.433883739117558,-0.9009688679024191
4178.0,2013-07-13,5,1,0,0,1,0,0,0,6,0.0,0.5289256198347108,1,0.5877852522924732,-0.8743466161445821,-0.9749279121818236,-0.2225209339563146
8493.0,2013-07-15,0,1,1,1,1,0,0,0,6,0.0,0.534435261707989,0,0.2079116908177593,-0.994869323391895,0.0,1.0
7554.0,2013-07-16,1,1,1,1,1,0,0,0,6,0.0,0.5371900826446281,0,5.66553889764798e-16,-0.9948693233918952,0.7818314824680298,0.6234898018587336
6913.0,2013-07-17,2,1,1,1,1,0,0,0,6,0.0,0.5399449035812671,0,-0.207911690817759,-0.9541392564000488,0.9749279121818236,-0.22252093395631434
6576.0,2013-07-18,3,1,1,1,1,0,0,0,6,0.0,0.5426997245179064,0,-0.4067366430758002,-0.8743466161445822,0.43388373911755823,-0.900968867902419
7280.0,2013-07-19,4,1,1,1,1,0,0,0,6,0.0,0.5454545454545454,0,-0.587785252292473,-0.7587581226927911,-0.433883739117558,-0.9009688679024191
3817.0,2013-07-20,5,1,0,0,1,0,0,0,6,0.0,0.5482093663911847,1,-0.743144825477394,-0.6121059825476627,-0.9749279121818236,-0.2225209339563146
6092.0,2013-07-22,0,1,0,1,1,0,0,0,6,0.0,0.5537190082644627,0,-0.9510565162951536,-0.2506525322587213,0.0,1.0
5706.0,2013-07-23,1,1,0,1,1,0,0,0,6,0.0,0.556473829201102,0,-0.9945218953682732,-0.0506491688387135,0.7818314824680298,0.6234898018587336
5702.0,2013-07-24,2,1,0,1,1,0,0,0,6,0.0,0.559228650137741,0,-0.9945218953682734,0.1514277775045766,0.9749279121818236,-0.22252093395631434
5203.0,2013-07-25,3,1,0,1,1,0,0,0,6,0.0,0.5619834710743801,0,-0.9510565162951536,0.3473052528448203,0.43388373911755823,-0.900968867902419
5370.0,2013-07-26,4,1,0,1,1,0,0,0,6,0.0,0.5647382920110193,0,-0.8660254037844386,0.5289640103269624,-0.433883739117558,-0.9009688679024191
3365.0,2013-07-27,5,1,0,0,1,0,0,0,6,0.0,0.5674931129476584,1,-0.743144825477394,0.6889669190756865,-0.9749279121818236,-0.2225209339563146
7860.0,2013-07-29,0,1,1,1,1,0,0,0,6,0.0,0.5730027548209367,0,-0.4067366430758001,0.9189578116202306,0.0,1.0
7285.0,2013-07-30,1,1,1,1,1,0,0,0,6,0.0,0.5757575757575757,0,-0.2079116908177589,0.9795299412524944,0.7818314824680298,0.6234898018587336
8941.0,2013-07-31,2,1,1,1,1,0,0,0,6,0.0,0.578512396694215,0,-1.133107779529596e-15,1.0,0.9749279121818236,-0.22252093395631434
7614.0,2013-08-01,3,1,1,1,1,0,0,0,7,0.0,0.581267217630854,0,0.0,0.9795299412524944,0.43388373911755823,-0.900968867902419
7097.0,2013-08-02,4,1,1,1,1,0,0,0,7,0.0,0.584022038567493,0,0.2079116908177593,0.9189578116202306,-0.433883739117558,-0.9009688679024191
3869.0,2013-08-03,5,1,0,0,1,0,0,0,7,0.0,0.5867768595041323,1,0.4067366430758001,0.8207634412072763,-0.9749279121818236,-0.2225209339563146
6104.0,2013-08-05,0,1,0,1,1,0,0,0,7,0.0,0.5922865013774106,0,0.7431448254773941,0.5289640103269624,0.0,1.0
5376.0,2013-08-06,1,1,0,1,1,0,0,0,7,0.0,0.5950413223140496,0,0.8660254037844386,0.3473052528448203,0.7818314824680298,0.6234898018587336
5704.0,2013-08-07,2,1,0,1,1,0,0,0,7,0.0,0.5977961432506886,0,0.9510565162951536,0.1514277775045767,0.9749279121818236,-0.22252093395631434
5490.0,2013-08-08,3,1,0,1,1,0,0,0,7,0.0,0.6005509641873279,0,0.9945218953682732,-0.0506491688387126,0.43388373911755823,-0.900968867902419
5659.0,2013-08-09,4,1,0,1,1,0,0,0,7,0.0,0.6033057851239669,0,0.9945218953682734,-0.2506525322587204,-0.433883739117558,-0.9009688679024191
3693.0,2013-08-10,5,1,0,0,1,0,0,0,7,0.0,0.606060606060606,1,0.9510565162951536,-0.4403941515576344,-0.9749279121818236,-0.2225209339563146
7464.0,2013-08-12,0,1,1,1,1,0,0,0,7,0.0,0.6115702479338843,0,0.7431448254773945,-0.758758122692791,0.0,1.0
6352.0,2013-08-13,1,1,1,1,1,0,0,0,7,0.0,0.6143250688705235,0,0.5877852522924732,-0.8743466161445821,0.7818314824680298,0.6234898018587336
7249.0,2013-08-14,2,1,1,1,1,0,0,0,7,0.0,0.6170798898071626,0,0.4067366430758,-0.9541392564000488,0.9749279121818236,-0.22252093395631434
6217.0,2013-08-15,3,1,1,1,1,0,0,0,7,0.0,0.6198347107438016,0,0.2079116908177593,-0.994869323391895,0.43388373911755823,-0.900968867902419
6380.0,2013-08-16,4,1,1,1,1,0,0,0,7,0.0,0.6225895316804408,0,5.66553889764798e-16,-0.9948693233918952,-0.433883739117558,-0.9009688679024191
3491.0,2013-08-17,5,1,0,0,1,0,0,0,7,0.0,0.6253443526170799,1,-0.207911690817759,-0.9541392564000488,-0.9749279121818236,-0.2225209339563146
5933.0,2013-08-19,0,1,0,1,1,0,0,0,7,0.0,0.6308539944903582,0,-0.587785252292473,-0.7587581226927911,0.0,1.0
5391.0,2013-08-20,1,1,0,1,1,0,0,0,7,0.0,0.6336088154269972,0,-0.743144825477394,-0.6121059825476627,0.7818314824680298,0.6234898018587336
5685.0,2013-08-21,2,1,0,1,1,0,0,0,7,0.0,0.6363636363636365,0,-0.8660254037844385,-0.4403941515576342,0.9749279121818236,-0.22252093395631434
5365.0,2013-08-22,3,1,0,1,1,0,0,0,7,0.0,0.6391184573002755,0,-0.9510565162951536,-0.2506525322587213,0.43388373911755823,-0.900968867902419
5853.0,2013-08-23,4,1,0,1,1,0,0,0,7,0.0,0.6418732782369145,0,-0.9945218953682732,-0.0506491688387135,-0.433883739117558,-0.9009688679024191
3638.0,2013-08-24,5,1,0,0,1,0,0,0,7,0.0,0.6446280991735538,1,-0.9945218953682734,0.1514277775045766,-0.9749279121818236,-0.2225209339563146
7736.0,2013-08-26,0,1,1,0,1,0,0,0,7,0.0,0.6501377410468319,0,-0.8660254037844386,0.5289640103269624,0.0,1.0
7031.0,2013-08-27,1,1,1,0,1,0,0,0,7,0.0,0.6528925619834711,0,-0.743144825477394,0.6889669190756865,0.7818314824680298,0.6234898018587336
6443.0,2013-08-28,2,1,1,0,1,0,0,0,7,0.0,0.6556473829201102,0,-0.5877852522924734,0.8207634412072763,0.9749279121818236,-0.22252093395631434
6362.0,2013-08-29,3,1,1,0,1,0,0,0,7,0.0,0.6584022038567494,0,-0.4067366430758001,0.9189578116202306,0.43388373911755823,-0.900968867902419
8711.0,2013-08-30,4,1,1,0,1,0,0,0,7,0.0,0.6611570247933884,0,-0.2079116908177589,0.9795299412524944,-0.433883739117558,-0.9009688679024191
3929.0,2013-08-31,5,1,0,0,1,0,0,0,7,0.0,0.6639118457300275,1,-1.133107779529596e-15,1.0,-0.9749279121818236,-0.2225209339563146
6533.0,2013-09-02,0,1,0,0,1,0,0,0,8,0.0,0.6694214876033058,0,0.2079116908177593,0.9189578116202306,0.0,1.0
5940.0,2013-09-03,1,1,0,0,1,0,0,0,8,0.0,0.6721763085399448,0,0.4067366430758001,0.8207634412072763,0.7818314824680298,0.6234898018587336
6322.0,2013-09-04,2,1,0,0,1,0,0,0,8,0.0,0.6749311294765841,0,0.5877852522924731,0.6889669190756866,0.9749279121818236,-0.22252093395631434
5564.0,2013-09-05,3,1,0,0,1,0,0,0,8,0.0,0.6776859504132231,0,0.7431448254773941,0.5289640103269624,0.43388373911755823,-0.900968867902419
6108.0,2013-09-06,4,1,0,0,1,0,0,0,8,0.0,0.6804407713498624,0,0.8660254037844386,0.3473052528448203,-0.433883739117558,-0.9009688679024191
3465.0,2013-09-07,5,1,0,0,1,0,0,0,8,0.0,0.6831955922865014,1,0.9510565162951536,0.1514277775045767,-0.9749279121818236,-0.2225209339563146
8207.0,2013-09-09,0,1,1,0,1,0,0,0,8,0.0,0.6887052341597797,0,0.9945218953682734,-0.2506525322587204,0.0,1.0
7267.0,2013-09-10,1,1,1,0,1,0,0,0,8,0.0,0.6914600550964187,0,0.9510565162951536,-0.4403941515576344,0.7818314824680298,0.6234898018587336
7434.0,2013-09-11,2,1,1,0,1,0,0,0,8,0.0,0.6942148760330578,0,0.8660254037844387,-0.6121059825476626,0.9749279121818236,-0.22252093395631434
6728.0,2013-09-12,3,1,1,0,1,0,0,0,8,0.0,0.696969696969697,0,0.7431448254773945,-0.758758122692791,0.43388373911755823,-0.900968867902419
7310.0,2013-09-13,4,1,1,0,1,0,0,0,8,0.0,0.699724517906336,0,0.5877852522924732,-0.8743466161445821,-0.433883739117558,-0.9009688679024191
3408.0,2013-09-14,5,1,0,0,1,0,0,0,8,0.0,0.7024793388429753,1,0.4067366430758,-0.9541392564000488,-0.9749279121818236,-0.2225209339563146
5625.0,2013-09-16,0,1,0,0,1,0,0,0,8,0.0,0.7079889807162534,0,5.66553889764798e-16,-0.9948693233918952,0.0,1.0
5448.0,2013-09-17,1,1,0,0,1,0,0,0,8,0.0,0.7107438016528926,0,-0.207911690817759,-0.9541392564000488,0.7818314824680298,0.6234898018587336
5013.0,2013-09-18,2,1,0,0,1,0,0,0,8,0.0,0.7134986225895317,0,-0.4067366430758002,-0.8743466161445822,0.9749279121818236,-0.22252093395631434
5521.0,2013-09-19,3,1,0,0,1,0,0,0,8,0.0,0.7162534435261707,0,-0.587785252292473,-0.7587581226927911,0.43388373911755823,-0.900968867902419
5424.0,2013-09-20,4,1,0,0,1,0,0,0,8,0.0,0.71900826446281,0,-0.743144825477394,-0.6121059825476627,-0.433883739117558,-0.9009688679024191
3601.0,2013-09-21,5,1,0,0,1,0,0,0,8,0.0,0.721763085399449,1,-0.8660254037844385,-0.4403941515576342,-0.9749279121818236,-0.2225209339563146
8462.0,2013-09-23,0,1,1,0,1,0,0,0,8,0.0,0.7272727272727273,0,-0.9945218953682732,-0.0506491688387135,0.0,1.0
7593.0,2013-09-24,1,1,1,0,1,0,0,0,8,0.0,0.7300275482093663,0,-0.9945218953682734,0.1514277775045766,0.7818314824680298,0.6234898018587336
6689.0,2013-09-25,2,1,1,0,1,0,0,0,8,0.0,0.7327823691460056,0,-0.9510565162951536,0.3473052528448203,0.9749279121818236,-0.22252093395631434
5579.0,2013-09-26,3,1,1,0,1,0,0,0,8,0.0,0.7355371900826446,0,-0.8660254037844386,0.5289640103269624,0.43388373911755823,-0.900968867902419
7168.0,2013-09-27,4,1,1,0,1,0,0,0,8,0.0,0.7382920110192837,0,-0.743144825477394,0.6889669190756865,-0.433883739117558,-0.9009688679024191
3605.0,2013-09-28,5,1,0,0,1,0,0,0,8,0.0,0.7410468319559229,1,-0.5877852522924734,0.8207634412072763,-0.9749279121818236,-0.2225209339563146
7368.0,2013-09-30,0,1,0,0,1,0,0,0,8,0.0,0.7465564738292012,0,-0.2079116908177589,0.9795299412524944,0.0,1.0
6953.0,2013-10-01,1,1,0,0,1,0,0,0,9,0.0,0.7493112947658402,0,0.0,0.9795299412524944,0.7818314824680298,0.6234898018587336
7239.0,2013-10-02,2,1,0,0,1,0,0,0,9,0.0,0.7520661157024793,0,0.2079116908177593,0.9189578116202306,0.9749279121818236,-0.22252093395631434
7090.0,2013-10-04,4,1,0,0,1,0,0,0,9,0.0,0.7575757575757576,0,0.5877852522924731,0.6889669190756866,-0.433883739117558,-0.9009688679024191
4016.0,2013-10-05,5,1,0,0,1,0,0,0,9,0.0,0.7603305785123966,1,0.7431448254773941,0.5289640103269624,-0.9749279121818236,-0.2225209339563146
9003.0,2013-10-07,0,1,1,0,1,0,0,0,9,0.0,0.7658402203856749,0,0.9510565162951536,0.1514277775045767,0.0,1.0
7720.0,2013-10-08,1,1,1,0,1,0,0,0,9,0.0,0.7685950413223142,0,0.9945218953682732,-0.0506491688387126,0.7818314824680298,0.6234898018587336
7411.0,2013-10-09,2,1,1,0,1,0,0,0,9,0.0,0.7713498622589532,0,0.9945218953682734,-0.2506525322587204,0.9749279121818236,-0.22252093395631434
6387.0,2013-10-10,3,1,1,0,1,0,0,0,9,0.0,0.7741046831955922,0,0.9510565162951536,-0.4403941515576344,0.43388373911755823,-0.900968867902419
7332.0,2013-10-11,4,1,1,0,1,0,0,0,9,0.0,0.7768595041322315,0,0.8660254037844387,-0.6121059825476626,-0.433883739117558,-0.9009688679024191
4319.0,2013-10-12,5,1,0,0,1,0,0,0,9,0.0,0.7796143250688705,1,0.7431448254773945,-0.758758122692791,-0.9749279121818236,-0.2225209339563146
6100.0,2013-10-14,0,1,0,0,1,0,0,0,9,0.0,0.7851239669421488,0,0.4067366430758,-0.9541392564000488,0.0,1.0
6328.0,2013-10-15,1,1,0,0,1,0,0,0,9,0.0,0.7878787878787878,0,0.2079116908177593,-0.994869323391895,0.7818314824680298,0.6234898018587336
5991.0,2013-10-16,2,1,0,0,1,0,0,0,9,0.0,0.7906336088154271,0,5.66553889764798e-16,-0.9948693233918952,0.9749279121818236,-0.22252093395631434
5722.0,2013-10-17,3,1,0,0,1,0,0,0,9,0.0,0.7933884297520661,0,-0.207911690817759,-0.9541392564000488,0.43388373911755823,-0.900968867902419
5646.0,2013-10-18,4,1,0,0,1,0,0,0,9,0.0,0.7961432506887052,0,-0.4067366430758002,-0.8743466161445822,-0.433883739117558,-0.9009688679024191
3411.0,2013-10-19,5,1,0,0,1,0,0,0,9,0.0,0.7988980716253444,1,-0.587785252292473,-0.7587581226927911,-0.9749279121818236,-0.2225209339563146
8085.0,2013-10-21,0,1,1,1,1,0,0,0,9,0.0,0.8044077134986225,0,-0.8660254037844385,-0.4403941515576342,0.0,1.0
6422.0,2013-10-22,1,1,1,1,1,0,0,0,9,0.0,0.8071625344352618,0,-0.9510565162951536,-0.2506525322587213,0.7818314824680298,0.6234898018587336
6275.0,2013-10-23,2,1,1,1,1,0,0,0,9,0.0,0.8099173553719008,0,-0.9945218953682732,-0.0506491688387135,0.9749279121818236,-0.22252093395631434
5975.0,2013-10-24,3,1,1,1,1,0,0,0,9,0.0,0.81267217630854,0,-0.9945218953682734,0.1514277775045766,0.43388373911755823,-0.900968867902419
6390.0,2013-10-25,4,1,1,1,1,0,0,0,9,0.0,0.8154269972451791,0,-0.9510565162951536,0.3473052528448203,-0.433883739117558,-0.9009688679024191
3155.0,2013-10-26,5,1,0,0,1,0,0,0,9,0.0,0.8181818181818181,1,-0.8660254037844386,0.5289640103269624,-0.9749279121818236,-0.2225209339563146
5496.0,2013-10-28,0,1,0,1,1,0,0,0,9,0.0,0.8236914600550964,0,-0.5877852522924734,0.8207634412072763,0.0,1.0
5396.0,2013-10-29,1,1,0,1,1,0,0,0,9,0.0,0.8264462809917354,0,-0.4067366430758001,0.9189578116202306,0.7818314824680298,0.6234898018587336
7765.0,2013-10-30,2,1,0,1,1,0,0,0,9,0.0,0.8292011019283747,0,-0.2079116908177589,0.9795299412524944,0.9749279121818236,-0.22252093395631434
7299.0,2013-11-01,4,1,0,1,1,0,0,0,10,0.0,0.834710743801653,0,0.0,0.9795299412524944,-0.433883739117558,-0.9009688679024191
4420.0,2013-11-02,5,1,0,0,1,0,0,0,10,0.0,0.837465564738292,1,0.2079116908177593,0.9189578116202306,-0.9749279121818236,-0.2225209339563146
10075.0,2013-11-04,0,1,1,0,1,0,0,0,10,0.0,0.8429752066115703,0,0.5877852522924731,0.6889669190756866,0.0,1.0
8141.0,2013-11-05,1,1,1,0,1,0,0,0,10,0.0,0.8457300275482094,0,0.7431448254773941,0.5289640103269624,0.7818314824680298,0.6234898018587336
7451.0,2013-11-06,2,1,1,0,1,0,0,0,10,0.0,0.8484848484848484,0,0.8660254037844386,0.3473052528448203,0.9749279121818236,-0.22252093395631434
8047.0,2013-11-07,3,1,1,0,1,0,0,0,10,0.0,0.8512396694214877,0,0.9510565162951536,0.1514277775045767,0.43388373911755823,-0.900968867902419
6908.0,2013-11-08,4,1,1,0,1,0,0,0,10,0.0,0.8539944903581267,0,0.9945218953682732,-0.0506491688387126,-0.433883739117558,-0.9009688679024191
4284.0,2013-11-09,5,1,0,0,1,0,0,0,10,0.0,0.856749311294766,1,0.9945218953682734,-0.2506525322587204,-0.9749279121818236,-0.2225209339563146
6546.0,2013-11-11,0,1,0,0,1,0,0,0,10,0.0,0.862258953168044,0,0.8660254037844387,-0.6121059825476626,0.0,1.0
5977.0,2013-11-12,1,1,0,0,1,0,0,0,10,0.0,0.8650137741046833,0,0.7431448254773945,-0.758758122692791,0.7818314824680298,0.6234898018587336
5775.0,2013-11-13,2,1,0,0,1,0,0,0,10,0.0,0.8677685950413223,0,0.5877852522924732,-0.8743466161445821,0.9749279121818236,-0.22252093395631434
5595.0,2013-11-14,3,1,0,0,1,0,0,0,10,0.0,0.8705234159779613,0,0.4067366430758,-0.9541392564000488,0.43388373911755823,-0.900968867902419
6425.0,2013-11-15,4,1,0,0,1,0,0,0,10,0.0,0.8732782369146006,0,0.2079116908177593,-0.994869323391895,-0.433883739117558,-0.9009688679024191
4294.0,2013-11-16,5,1,0,0,1,0,0,0,10,0.0,0.8760330578512396,1,5.66553889764798e-16,-0.9948693233918952,-0.9749279121818236,-0.2225209339563146
8478.0,2013-11-18,0,1,1,0,1,0,0,0,10,0.0,0.8815426997245179,0,-0.4067366430758002,-0.8743466161445822,0.0,1.0
9154.0,2013-11-19,1,1,1,0,1,0,0,0,10,0.0,0.884297520661157,0,-0.587785252292473,-0.7587581226927911,0.7818314824680298,0.6234898018587336
8754.0,2013-11-21,3,1,1,0,1,0,0,0,10,0.0,0.8898071625344353,0,-0.8660254037844385,-0.4403941515576342,0.43388373911755823,-0.900968867902419
8195.0,2013-11-22,4,1,1,0,1,0,0,0,10,0.0,0.8925619834710743,0,-0.9510565162951536,-0.2506525322587213,-0.433883739117558,-0.9009688679024191
4432.0,2013-11-23,5,1,0,0,1,0,0,0,10,0.0,0.8953168044077136,1,-0.9945218953682732,-0.0506491688387135,-0.9749279121818236,-0.2225209339563146
7101.0,2013-11-25,0,1,0,0,1,0,0,0,10,0.0,0.9008264462809918,0,-0.9510565162951536,0.3473052528448203,0.0,1.0
6186.0,2013-11-26,1,1,0,0,1,0,0,0,10,0.0,0.9035812672176308,0,-0.8660254037844386,0.5289640103269624,0.7818314824680298,0.6234898018587336
6467.0,2013-11-27,2,1,0,0,1,0,0,0,10,0.0,0.90633608815427,0,-0.743144825477394,0.6889669190756865,0.9749279121818236,-0.22252093395631434
6728.0,2013-11-28,3,1,0,0,1,0,0,0,10,0.0,0.9090909090909092,0,-0.5877852522924734,0.8207634412072763,0.43388373911755823,-0.900968867902419
8364.0,2013-11-29,4,1,0,0,1,0,0,0,10,0.0,0.9118457300275482,0,-0.4067366430758001,0.9189578116202306,-0.433883739117558,-0.9009688679024191
5335.0,2013-11-30,5,1,0,0,1,0,0,0,10,0.0,0.9146005509641872,1,-0.2079116908177589,0.9795299412524944,-0.9749279121818236,-0.2225209339563146
10992.0,2013-12-02,0,1,1,0,1,0,0,0,11,0.0,0.9201101928374656,0,0.2079116908177593,0.9189578116202306,0.0,1.0
9182.0,2013-12-03,1,1,1,0,1,0,0,0,11,0.0,0.9228650137741048,0,0.4067366430758001,0.8207634412072763,0.7818314824680298,0.6234898018587336
8531.0,2013-12-04,2,1,1,0,1,0,0,0,11,0.0,0.9256198347107438,0,0.5877852522924731,0.6889669190756866,0.9749279121818236,-0.22252093395631434
9665.0,2013-12-05,3,1,1,0,1,0,0,0,11,0.0,0.9283746556473828,0,0.7431448254773941,0.5289640103269624,0.43388373911755823,-0.900968867902419
7941.0,2013-12-06,4,1,1,0,1,0,0,0,11,0.0,0.931129476584022,0,0.8660254037844386,0.3473052528448203,-0.433883739117558,-0.9009688679024191
4437.0,2013-12-07,5,1,0,0,1,0,0,0,11,0.0,0.9338842975206612,1,0.9510565162951536,0.1514277775045767,-0.9749279121818236,-0.2225209339563146
6090.0,2013-12-09,0,1,0,0,1,0,0,0,11,0.0,0.9393939393939394,0,0.9945218953682734,-0.2506525322587204,0.0,1.0
7418.0,2013-12-10,1,1,0,0,1,0,0,0,11,0.0,0.9421487603305784,0,0.9510565162951536,-0.4403941515576344,0.7818314824680298,0.6234898018587336
6498.0,2013-12-11,2,1,0,0,1,0,0,0,11,0.0,0.9449035812672176,0,0.8660254037844387,-0.6121059825476626,0.9749279121818236,-0.22252093395631434
6717.0,2013-12-12,3,1,0,0,1,0,0,0,11,0.0,0.9476584022038568,0,0.7431448254773945,-0.758758122692791,0.43388373911755823,-0.900968867902419
7312.0,2013-12-13,4,1,0,0,1,0,0,0,11,0.0,0.9504132231404958,0,0.5877852522924732,-0.8743466161445821,-0.433883739117558,-0.9009688679024191
5885.0,2013-12-14,5,1,0,0,1,0,0,0,11,0.0,0.9531680440771352,1,0.4067366430758,-0.9541392564000488,-0.9749279121818236,-0.2225209339563146
11139.0,2013-12-16,0,1,1,0,1,0,0,0,11,0.0,0.9586776859504132,0,5.66553889764798e-16,-0.9948693233918952,0.0,1.0
9041.0,2013-12-17,1,1,1,0,1,0,0,0,11,0.0,0.9614325068870524,0,-0.207911690817759,-0.9541392564000488,0.7818314824680298,0.6234898018587336
7958.0,2013-12-18,2,1,1,0,1,0,0,0,11,0.0,0.9641873278236914,0,-0.4067366430758002,-0.8743466161445822,0.9749279121818236,-0.22252093395631434
8291.0,2013-12-19,3,1,1,0,1,0,0,0,11,0.0,0.9669421487603308,0,-0.587785252292473,-0.7587581226927911,0.43388373911755823,-0.900968867902419
8857.0,2013-12-20,4,1,1,0,1,0,0,0,11,0.0,0.9696969696969696,0,-0.743144825477394,-0.6121059825476627,-0.433883739117558,-0.9009688679024191
5524.0,2013-12-21,5,1,0,0,1,0,0,0,11,0.0,0.9724517906336088,1,-0.8660254037844385,-0.4403941515576342,-0.9749279121818236,-0.2225209339563146
9914.0,2013-12-23,0,1,0,1,1,0,0,0,11,0.0,0.977961432506887,0,-0.9945218953682732,-0.0506491688387135,0.0,1.0
3449.0,2013-12-24,1,1,0,1,1,0,0,0,11,0.0,0.980716253443526,0,-0.9945218953682734,0.1514277775045766,0.7818314824680298,0.6234898018587336
4915.0,2013-12-27,4,1,0,1,1,0,0,0,11,0.0,0.9889807162534436,0,-0.743144825477394,0.6889669190756865,-0.433883739117558,-0.9009688679024191
3717.0,2013-12-28,5,1,0,0,1,0,0,0,11,0.0,0.9917355371900828,1,-0.5877852522924734,0.8207634412072763,-0.9749279121818236,-0.2225209339563146
6980.0,2013-12-30,0,1,0,1,1,0,0,0,11,0.0,0.9972451790633609,0,-0.2079116908177589,0.9795299412524944,0.0,1.0
2739.0,2013-12-31,1,1,0,1,1,0,0,0,11,0.0,1.0,0,-1.133107779529596e-15,1.0,0.7818314824680298,0.6234898018587336
4778.0,2014-01-02,3,1,0,1,1,0,0,0,0,0.5,0.0,0,0.2079116908177593,0.9189578116202306,0.43388373911755823,-0.900968867902419
4842.0,2014-01-03,4,1,0,1,1,0,0,0,0,0.5,0.0027548209366391,0,0.4067366430758001,0.8207634412072763,-0.433883739117558,-0.9009688679024191
3031.0,2014-01-04,5,1,0,0,1,0,0,0,0,0.5,0.0055096418732782,1,0.5877852522924731,0.6889669190756866,-0.9749279121818236,-0.2225209339563146
7703.0,2014-01-06,0,1,1,0,1,0,0,0,0,0.5,0.0110192837465564,0,0.8660254037844386,0.3473052528448203,0.0,1.0
6196.0,2014-01-07,1,1,1,0,1,0,0,0,0,0.5,0.0137741046831955,0,0.9510565162951536,0.1514277775045767,0.7818314824680298,0.6234898018587336
5894.0,2014-01-08,2,1,1,0,1,0,0,0,0,0.5,0.0165289256198347,0,0.9945218953682732,-0.0506491688387126,0.9749279121818236,-0.22252093395631434
5018.0,2014-01-09,3,1,1,0,1,0,0,0,0,0.5,0.0192837465564738,0,0.9945218953682734,-0.2506525322587204,0.43388373911755823,-0.900968867902419
6125.0,2014-01-10,4,1,1,0,1,0,0,0,0,0.5,0.0220385674931129,0,0.9510565162951536,-0.4403941515576344,-0.433883739117558,-0.9009688679024191
2964.0,2014-01-11,5,1,0,0,1,0,0,0,0,0.5,0.024793388429752,1,0.8660254037844387,-0.6121059825476626,-0.9749279121818236,-0.2225209339563146
4574.0,2014-01-13,0,1,0,0,1,0,0,0,0,0.5,0.0303030303030303,0,0.5877852522924732,-0.8743466161445821,0.0,1.0
3820.0,2014-01-14,1,1,0,0,1,0,0,0,0,0.5,0.0330578512396694,0,0.4067366430758,-0.9541392564000488,0.7818314824680298,0.6234898018587336
4008.0,2014-01-15,2,1,0,0,1,0,0,0,0,0.5,0.0358126721763085,0,0.2079116908177593,-0.994869323391895,0.9749279121818236,-0.22252093395631434
4220.0,2014-01-16,3,1,0,0,1,0,0,0,0,0.5,0.0385674931129476,0,5.66553889764798e-16,-0.9948693233918952,0.43388373911755823,-0.900968867902419
4563.0,2014-01-17,4,1,0,0,1,0,0,0,0,0.5,0.0413223140495867,0,-0.207911690817759,-0.9541392564000488,-0.433883739117558,-0.9009688679024191
3141.0,2014-01-18,5,1,0,0,1,0,0,0,0,0.5,0.0440771349862259,1,-0.4067366430758002,-0.8743466161445822,-0.9749279121818236,-0.2225209339563146
6655.0,2014-01-20,0,1,1,0,1,0,0,0,0,0.5,0.0495867768595041,0,-0.743144825477394,-0.6121059825476627,0.0,1.0
5838.0,2014-01-21,1,1,1,0,1,0,0,0,0,0.5,0.0523415977961432,0,-0.8660254037844385,-0.4403941515576342,0.7818314824680298,0.6234898018587336
5416.0,2014-01-22,2,1,1,0,1,0,0,0,0,0.5,0.0550964187327823,0,-0.9510565162951536,-0.2506525322587213,0.9749279121818236,-0.22252093395631434
4755.0,2014-01-23,3,1,1,0,1,0,0,0,0,0.5,0.0578512396694214,0,-0.9945218953682732,-0.0506491688387135,0.43388373911755823,-0.900968867902419
5716.0,2014-01-24,4,1,1,0,1,0,0,0,0,0.5,0.0606060606060606,0,-0.9945218953682734,0.1514277775045766,-0.433883739117558,-0.9009688679024191
2721.0,2014-01-25,5,1,0,0,1,0,0,0,0,0.5,0.0633608815426997,1,-0.9510565162951536,0.3473052528448203,-0.9749279121818236,-0.2225209339563146
4048.0,2014-01-27,0,1,0,0,1,0,0,0,0,0.5,0.0688705234159779,0,-0.743144825477394,0.6889669190756865,0.0,1.0
4094.0,2014-01-28,1,1,0,0,1,0,0,0,0,0.5,0.071625344352617,0,-0.5877852522924734,0.8207634412072763,0.7818314824680298,0.6234898018587336
4178.0,2014-01-29,2,1,0,0,1,0,0,0,0,0.5,0.0743801652892562,0,-0.4067366430758001,0.9189578116202306,0.9749279121818236,-0.22252093395631434
4398.0,2014-01-30,3,1,0,0,1,0,0,0,0,0.5,0.0771349862258953,0,-0.2079116908177589,0.9795299412524944,0.43388373911755823,-0.900968867902419
5055.0,2014-01-31,4,1,0,0,1,0,0,0,0,0.5,0.0798898071625344,0,-1.133107779529596e-15,1.0,-0.433883739117558,-0.9009688679024191
3316.0,2014-02-01,5,1,0,0,1,0,0,0,1,0.5,0.0826446280991735,1,0.0,0.9795299412524944,-0.9749279121818236,-0.2225209339563146
7748.0,2014-02-03,0,1,1,0,1,0,0,0,1,0.5,0.0881542699724518,0,0.4067366430758001,0.8207634412072763,0.0,1.0
6322.0,2014-02-04,1,1,1,0,1,0,0,0,1,0.5,0.0909090909090909,0,0.5877852522924731,0.6889669190756866,0.7818314824680298,0.6234898018587336
6017.0,2014-02-05,2,1,1,0,1,0,0,0,1,0.5,0.09366391184573,0,0.7431448254773941,0.5289640103269624,0.9749279121818236,-0.22252093395631434
5168.0,2014-02-06,3,1,1,0,1,0,0,0,1,0.5,0.0964187327823691,0,0.8660254037844386,0.3473052528448203,0.43388373911755823,-0.900968867902419
5896.0,2014-02-07,4,1,1,0,1,0,0,0,1,0.5,0.0991735537190082,0,0.9510565162951536,0.1514277775045767,-0.433883739117558,-0.9009688679024191
3496.0,2014-02-08,5,1,0,0,1,0,0,0,1,0.5,0.1019283746556473,1,0.9945218953682732,-0.0506491688387126,-0.9749279121818236,-0.2225209339563146
4371.0,2014-02-10,0,1,0,0,1,0,0,0,1,0.5,0.1074380165289256,0,0.9510565162951536,-0.4403941515576344,0.0,1.0
4535.0,2014-02-11,1,1,0,0,1,0,0,0,1,0.5,0.1101928374655647,0,0.8660254037844387,-0.6121059825476626,0.7818314824680298,0.6234898018587336
4605.0,2014-02-12,2,1,0,0,1,0,0,0,1,0.5,0.1129476584022038,0,0.7431448254773945,-0.758758122692791,0.9749279121818236,-0.22252093395631434
4564.0,2014-02-13,3,1,0,0,1,0,0,0,1,0.5,0.1157024793388429,0,0.5877852522924732,-0.8743466161445821,0.43388373911755823,-0.900968867902419
4938.0,2014-02-14,4,1,0,0,1,0,0,0,1,0.5,0.1184573002754821,0,0.4067366430758,-0.9541392564000488,-0.433883739117558,-0.9009688679024191
3054.0,2014-02-15,5,1,0,0,1,0,0,0,1,0.5,0.1212121212121212,1,0.2079116908177593,-0.994869323391895,-0.9749279121818236,-0.2225209339563146
7218.0,2014-02-17,0,1,1,1,1,0,0,0,1,0.5,0.1267217630853994,0,-0.207911690817759,-0.9541392564000488,0.0,1.0
5867.0,2014-02-18,1,1,1,1,1,0,0,0,1,0.5,0.1294765840220385,0,-0.4067366430758002,-0.8743466161445822,0.7818314824680298,0.6234898018587336
5552.0,2014-02-19,2,1,1,1,1,0,0,0,1,0.5,0.1322314049586777,0,-0.587785252292473,-0.7587581226927911,0.9749279121818236,-0.22252093395631434
5352.0,2014-02-20,3,1,1,1,1,0,0,0,1,0.5,0.1349862258953168,0,-0.743144825477394,-0.6121059825476627,0.43388373911755823,-0.900968867902419
5097.0,2014-02-21,4,1,1,1,1,0,0,0,1,0.5,0.1377410468319559,0,-0.8660254037844385,-0.4403941515576342,-0.433883739117558,-0.9009688679024191
2963.0,2014-02-22,5,1,0,0,1,0,0,0,1,0.5,0.140495867768595,1,-0.9510565162951536,-0.2506525322587213,-0.9749279121818236,-0.2225209339563146
4557.0,2014-02-24,0,1,0,1,1,0,0,0,1,0.5,0.1460055096418732,0,-0.9945218953682734,0.1514277775045766,0.0,1.0
4152.0,2014-02-25,1,1,0,1,1,0,0,0,1,0.5,0.1487603305785124,0,-0.9510565162951536,0.3473052528448203,0.7818314824680298,0.6234898018587336
4111.0,2014-02-26,2,1,0,1,1,0,0,0,1,0.5,0.1515151515151515,0,-0.8660254037844386,0.5289640103269624,0.9749279121818236,-0.22252093395631434
4045.0,2014-02-27,3,1,0,1,1,0,0,0,1,0.5,0.1542699724517906,0,-0.743144825477394,0.6889669190756865,0.43388373911755823,-0.900968867902419
5235.0,2014-02-28,4,1,0,1,1,0,0,0,1,0.5,0.1570247933884297,0,-0.5877852522924734,0.8207634412072763,-0.433883739117558,-0.9009688679024191
3492.0,2014-03-01,5,1,0,0,1,0,0,0,2,0.5,0.1597796143250688,1,0.0,0.9795299412524944,-0.9749279121818236,-0.2225209339563146
8942.0,2014-03-03,0,1,1,0,1,0,0,0,2,0.5,0.1652892561983471,0,0.4067366430758001,0.8207634412072763,0.0,1.0
6309.0,2014-03-04,1,1,1,0,1,0,0,0,2,0.5,0.1680440771349862,0,0.5877852522924731,0.6889669190756866,0.7818314824680298,0.6234898018587336
6301.0,2014-03-05,2,1,1,0,1,0,0,0,2,0.5,0.1707988980716253,0,0.7431448254773941,0.5289640103269624,0.9749279121818236,-0.22252093395631434
5653.0,2014-03-06,3,1,1,0,1,0,0,0,2,0.5,0.1735537190082644,0,0.8660254037844386,0.3473052528448203,0.43388373911755823,-0.900968867902419
5948.0,2014-03-07,4,1,1,0,1,0,0,0,2,0.5,0.1763085399449036,0,0.9510565162951536,0.1514277775045767,-0.433883739117558,-0.9009688679024191
3219.0,2014-03-08,5,1,0,0,1,0,0,0,2,0.5,0.1790633608815427,1,0.9945218953682732,-0.0506491688387126,-0.9749279121818236,-0.2225209339563146
4506.0,2014-03-10,0,1,0,0,1,0,0,0,2,0.5,0.1845730027548209,0,0.9510565162951536,-0.4403941515576344,0.0,1.0
4224.0,2014-03-11,1,1,0,0,1,0,0,0,2,0.5,0.18732782369146,0,0.8660254037844387,-0.6121059825476626,0.7818314824680298,0.6234898018587336
4806.0,2014-03-12,2,1,0,0,1,0,0,0,2,0.5,0.1900826446280991,0,0.7431448254773945,-0.758758122692791,0.9749279121818236,-0.22252093395631434
4291.0,2014-03-13,3,1,0,0,1,0,0,0,2,0.5,0.1928374655647383,0,0.5877852522924732,-0.8743466161445821,0.43388373911755823,-0.900968867902419
4669.0,2014-03-14,4,1,0,0,1,0,0,0,2,0.5,0.1955922865013774,0,0.4067366430758,-0.9541392564000488,-0.433883739117558,-0.9009688679024191
3274.0,2014-03-15,5,1,0,0,1,0,0,0,2,0.5,0.1983471074380165,1,0.2079116908177593,-0.994869323391895,-0.9749279121818236,-0.2225209339563146
7302.0,2014-03-17,0,1,1,0,1,0,0,0,2,0.5,0.2038567493112947,0,-0.207911690817759,-0.9541392564000488,0.0,1.0
6933.0,2014-03-18,1,1,1,0,1,0,0,0,2,0.5,0.2066115702479339,0,-0.4067366430758002,-0.8743466161445822,0.7818314824680298,0.6234898018587336
5357.0,2014-03-19,2,1,1,0,1,0,0,0,2,0.5,0.209366391184573,0,-0.587785252292473,-0.7587581226927911,0.9749279121818236,-0.22252093395631434
4773.0,2014-03-20,3,1,1,0,1,0,0,0,2,0.5,0.2121212121212121,0,-0.743144825477394,-0.6121059825476627,0.43388373911755823,-0.900968867902419
5517.0,2014-03-21,4,1,1,0,1,0,0,0,2,0.5,0.2148760330578512,0,-0.8660254037844385,-0.4403941515576342,-0.433883739117558,-0.9009688679024191
2976.0,2014-03-22,5,1,0,0,1,0,0,0,2,0.5,0.2176308539944903,1,-0.9510565162951536,-0.2506525322587213,-0.9749279121818236,-0.2225209339563146
4353.0,2014-03-24,0,1,0,0,1,0,0,0,2,0.5,0.2231404958677686,0,-0.9945218953682734,0.1514277775045766,0.0,1.0
4311.0,2014-03-25,1,1,0,0,1,0,0,0,2,0.5,0.2258953168044077,0,-0.9510565162951536,0.3473052528448203,0.7818314824680298,0.6234898018587336
4463.0,2014-03-26,2,1,0,0,1,0,0,0,2,0.5,0.2286501377410468,0,-0.8660254037844386,0.5289640103269624,0.9749279121818236,-0.22252093395631434
3907.0,2014-03-27,3,1,0,0,1,0,0,0,2,0.5,0.2314049586776859,0,-0.743144825477394,0.6889669190756865,0.43388373911755823,-0.900968867902419
4891.0,2014-03-28,4,1,0,0,1,0,0,0,2,0.5,0.234159779614325,0,-0.5877852522924734,0.8207634412072763,-0.433883739117558,-0.9009688679024191
2968.0,2014-03-29,5,1,0,0,1,0,0,0,2,0.5,0.2369146005509642,1,-0.4067366430758001,0.9189578116202306,-0.9749279121818236,-0.2225209339563146
8488.0,2014-03-31,0,1,1,0,1,0,0,0,2,0.5,0.2424242424242424,0,-1.133107779529596e-15,1.0,0.0,1.0
7387.0,2014-04-01,1,1,1,0,1,0,0,0,3,0.5,0.2451790633608815,0,0.0,0.9795299412524944,0.7818314824680298,0.6234898018587336
6685.0,2014-04-02,2,1,1,0,1,0,0,0,3,0.5,0.2479338842975206,0,0.2079116908177593,0.9189578116202306,0.9749279121818236,-0.22252093395631434
5790.0,2014-04-03,3,1,1,0,1,0,0,0,3,0.5,0.2506887052341598,0,0.4067366430758001,0.8207634412072763,0.43388373911755823,-0.900968867902419
5834.0,2014-04-04,4,1,1,0,1,0,0,0,3,0.5,0.2534435261707989,0,0.5877852522924731,0.6889669190756866,-0.433883739117558,-0.9009688679024191
3335.0,2014-04-05,5,1,0,0,1,0,0,0,3,0.5,0.256198347107438,1,0.7431448254773941,0.5289640103269624,-0.9749279121818236,-0.2225209339563146
4749.0,2014-04-07,0,1,0,0,1,0,0,0,3,0.5,0.2617079889807163,0,0.9510565162951536,0.1514277775045767,0.0,1.0
4754.0,2014-04-08,1,1,0,0,1,0,0,0,3,0.5,0.2644628099173554,0,0.9945218953682732,-0.0506491688387126,0.7818314824680298,0.6234898018587336
4196.0,2014-04-09,2,1,0,0,1,0,0,0,3,0.5,0.2672176308539944,0,0.9945218953682734,-0.2506525322587204,0.9749279121818236,-0.22252093395631434
4077.0,2014-04-10,3,1,0,0,1,0,0,0,3,0.5,0.2699724517906336,0,0.9510565162951536,-0.4403941515576344,0.43388373911755823,-0.900968867902419
4889.0,2014-04-11,4,1,0,0,1,0,0,0,3,0.5,0.2727272727272727,0,0.8660254037844387,-0.6121059825476626,-0.433883739117558,-0.9009688679024191
3350.0,2014-04-12,5,1,0,0,1,0,0,0,3,0.5,0.2754820936639118,1,0.7431448254773945,-0.758758122692791,-0.9749279121818236,-0.2225209339563146
8204.0,2014-04-14,0,1,1,0,1,0,0,0,3,0.5,0.2809917355371901,0,0.4067366430758,-0.9541392564000488,0.0,1.0
7890.0,2014-04-15,1,1,1,0,1,0,0,0,3,0.5,0.2837465564738292,0,0.2079116908177593,-0.994869323391895,0.7818314824680298,0.6234898018587336
7317.0,2014-04-16,2,1,1,0,1,0,0,0,3,0.5,0.2865013774104683,0,5.66553889764798e-16,-0.9948693233918952,0.9749279121818236,-0.22252093395631434
7618.0,2014-04-17,3,1,1,0,1,0,0,0,3,0.5,0.2892561983471074,0,-0.207911690817759,-0.9541392564000488,0.43388373911755823,-0.900968867902419
4415.0,2014-04-19,5,1,0,0,1,0,0,0,3,0.5,0.2947658402203857,1,-0.587785252292473,-0.7587581226927911,-0.9749279121818236,-0.2225209339563146
5001.0,2014-04-22,1,1,0,1,1,0,0,0,3,0.5,0.303030303030303,0,-0.9510565162951536,-0.2506525322587213,0.7818314824680298,0.6234898018587336
4270.0,2014-04-23,2,1,0,1,1,0,0,0,3,0.5,0.3057851239669422,0,-0.9945218953682732,-0.0506491688387135,0.9749279121818236,-0.22252093395631434
4718.0,2014-04-24,3,1,0,1,1,0,0,0,3,0.5,0.3085399449035813,0,-0.9945218953682734,0.1514277775045766,0.43388373911755823,-0.900968867902419
4341.0,2014-04-25,4,1,0,1,1,0,0,0,3,0.5,0.3112947658402203,0,-0.9510565162951536,0.3473052528448203,-0.433883739117558,-0.9009688679024191
3063.0,2014-04-26,5,1,0,0,1,0,0,0,3,0.5,0.3140495867768595,1,-0.8660254037844386,0.5289640103269624,-0.9749279121818236,-0.2225209339563146
7894.0,2014-04-28,0,1,1,0,1,0,0,0,3,0.5,0.3195592286501377,0,-0.5877852522924734,0.8207634412072763,0.0,1.0
6236.0,2014-04-29,1,1,1,0,1,0,0,0,3,0.5,0.3223140495867768,0,-0.4067366430758001,0.9189578116202306,0.7818314824680298,0.6234898018587336
7710.0,2014-04-30,2,1,1,0,1,0,0,0,3,0.5,0.325068870523416,0,-0.2079116908177589,0.9795299412524944,0.9749279121818236,-0.22252093395631434
6945.0,2014-05-02,4,1,1,0,1,0,0,0,4,0.5,0.3305785123966942,0,0.2079116908177593,0.9189578116202306,-0.433883739117558,-0.9009688679024191
3711.0,2014-05-03,5,1,0,0,1,0,0,0,4,0.5,0.3333333333333333,1,0.4067366430758001,0.8207634412072763,-0.9749279121818236,-0.2225209339563146
7722.0,2014-05-05,0,1,1,0,1,0,0,0,4,0.5,0.3388429752066116,0,0.7431448254773941,0.5289640103269624,0.0,1.0
6304.0,2014-05-06,1,1,1,0,1,0,0,0,4,0.5,0.3415977961432507,0,0.8660254037844386,0.3473052528448203,0.7818314824680298,0.6234898018587336
6073.0,2014-05-07,2,1,1,0,1,0,0,0,4,0.5,0.3443526170798898,0,0.9510565162951536,0.1514277775045767,0.9749279121818236,-0.22252093395631434
5427.0,2014-05-08,3,1,1,0,1,0,0,0,4,0.5,0.3471074380165289,0,0.9945218953682732,-0.0506491688387126,0.43388373911755823,-0.900968867902419
5534.0,2014-05-09,4,1,1,0,1,0,0,0,4,0.5,0.3498622589531681,0,0.9945218953682734,-0.2506525322587204,-0.433883739117558,-0.9009688679024191
3718.0,2014-05-10,5,1,0,0,1,0,0,0,4,0.5,0.3526170798898072,1,0.9510565162951536,-0.4403941515576344,-0.9749279121818236,-0.2225209339563146
4643.0,2014-05-12,0,1,0,0,1,0,0,0,4,0.5,0.3581267217630854,0,0.7431448254773945,-0.758758122692791,0.0,1.0
4166.0,2014-05-13,1,1,0,0,1,0,0,0,4,0.5,0.3608815426997245,0,0.5877852522924732,-0.8743466161445821,0.7818314824680298,0.6234898018587336
4309.0,2014-05-14,2,1,0,0,1,0,0,0,4,0.5,0.3636363636363636,0,0.4067366430758,-0.9541392564000488,0.9749279121818236,-0.22252093395631434
4261.0,2014-05-15,3,1,0,0,1,0,0,0,4,0.5,0.3663911845730027,0,0.2079116908177593,-0.994869323391895,0.43388373911755823,-0.900968867902419
4848.0,2014-05-16,4,1,0,0,1,0,0,0,4,0.5,0.3691460055096419,0,5.66553889764798e-16,-0.9948693233918952,-0.433883739117558,-0.9009688679024191
3045.0,2014-05-17,5,1,0,0,1,0,0,0,4,0.5,0.371900826446281,1,-0.207911690817759,-0.9541392564000488,-0.9749279121818236,-0.2225209339563146
7335.0,2014-05-19,0,1,1,0,1,0,0,0,4,0.5,0.3774104683195592,0,-0.587785252292473,-0.7587581226927911,0.0,1.0
6093.0,2014-05-20,1,1,1,0,1,0,0,0,4,0.5,0.3801652892561983,0,-0.743144825477394,-0.6121059825476627,0.7818314824680298,0.6234898018587336
5945.0,2014-05-21,2,1,1,0,1,0,0,0,4,0.5,0.3829201101928375,0,-0.8660254037844385,-0.4403941515576342,0.9749279121818236,-0.22252093395631434
6049.0,2014-05-22,3,1,1,0,1,0,0,0,4,0.5,0.3856749311294766,0,-0.9510565162951536,-0.2506525322587213,0.43388373911755823,-0.900968867902419
5324.0,2014-05-23,4,1,1,0,1,0,0,0,4,0.5,0.3884297520661157,0,-0.9945218953682732,-0.0506491688387135,-0.433883739117558,-0.9009688679024191
3165.0,2014-05-24,5,1,0,0,1,0,0,0,4,0.5,0.3911845730027548,1,-0.9945218953682734,0.1514277775045766,-0.9749279121818236,-0.2225209339563146
5274.0,2014-05-26,0,1,0,0,1,0,0,0,4,0.5,0.396694214876033,0,-0.8660254037844386,0.5289640103269624,0.0,1.0
4179.0,2014-05-27,1,1,0,0,1,0,0,0,4,0.5,0.3994490358126721,0,-0.743144825477394,0.6889669190756865,0.7818314824680298,0.6234898018587336
5015.0,2014-05-28,2,1,0,0,1,0,0,0,4,0.5,0.4022038567493113,0,-0.5877852522924734,0.8207634412072763,0.9749279121818236,-0.22252093395631434
6171.0,2014-05-30,4,1,0,1,1,0,0,0,4,0.5,0.4077134986225895,0,-0.2079116908177589,0.9795299412524944,-0.433883739117558,-0.9009688679024191
3438.0,2014-05-31,5,1,0,0,1,0,0,0,4,0.5,0.4104683195592286,1,-1.133107779529596e-15,1.0,-0.9749279121818236,-0.2225209339563146
8111.0,2014-06-02,0,1,1,0,1,0,0,0,5,0.5,0.4159779614325069,0,0.2079116908177593,0.9189578116202306,0.0,1.0
6792.0,2014-06-03,1,1,1,0,1,0,0,0,5,0.5,0.418732782369146,0,0.4067366430758001,0.8207634412072763,0.7818314824680298,0.6234898018587336
5885.0,2014-06-04,2,1,1,0,1,0,0,0,5,0.5,0.4214876033057851,0,0.5877852522924731,0.6889669190756866,0.9749279121818236,-0.22252093395631434
5409.0,2014-06-05,3,1,1,0,1,0,0,0,5,0.5,0.4242424242424242,0,0.7431448254773941,0.5289640103269624,0.43388373911755823,-0.900968867902419
6658.0,2014-06-06,4,1,1,0,1,0,0,0,5,0.5,0.4269972451790634,0,0.8660254037844386,0.3473052528448203,-0.433883739117558,-0.9009688679024191
2355.0,2014-06-07,5,1,0,0,1,0,0,0,5,0.5,0.4297520661157025,1,0.9510565162951536,0.1514277775045767,-0.9749279121818236,-0.2225209339563146
5179.0,2014-06-10,1,1,0,0,1,0,0,0,5,0.5,0.4380165289256199,0,0.9510565162951536,-0.4403941515576344,0.7818314824680298,0.6234898018587336
4961.0,2014-06-11,2,1,0,0,1,0,0,0,5,0.5,0.4407713498622589,0,0.8660254037844387,-0.6121059825476626,0.9749279121818236,-0.22252093395631434
4546.0,2014-06-12,3,1,0,0,1,0,0,0,5,0.5,0.443526170798898,0,0.7431448254773945,-0.758758122692791,0.43388373911755823,-0.900968867902419
5461.0,2014-06-13,4,1,0,0,1,0,0,0,5,0.5,0.4462809917355372,0,0.5877852522924732,-0.8743466161445821,-0.433883739117558,-0.9009688679024191
3171.0,2014-06-14,5,1,0,0,1,0,0,0,5,0.5,0.4490358126721763,1,0.4067366430758,-0.9541392564000488,-0.9749279121818236,-0.2225209339563146
7068.0,2014-06-16,0,1,1,0,1,0,0,0,5,0.5,0.4545454545454545,0,5.66553889764798e-16,-0.9948693233918952,0.0,1.0
6429.0,2014-06-17,1,1,1,0,1,0,0,0,5,0.5,0.4573002754820937,0,-0.207911690817759,-0.9541392564000488,0.7818314824680298,0.6234898018587336
6214.0,2014-06-18,2,1,1,0,1,0,0,0,5,0.5,0.4600550964187328,0,-0.4067366430758002,-0.8743466161445822,0.9749279121818236,-0.22252093395631434
5173.0,2014-06-19,3,1,1,0,0,1,0,0,5,0.5,0.4628099173553719,0,-0.587785252292473,-0.7587581226927911,0.43388373911755823,-0.900968867902419
5661.0,2014-06-20,4,1,1,0,1,0,0,0,5,0.5,0.465564738292011,0,-0.743144825477394,-0.6121059825476627,-0.433883739117558,-0.9009688679024191
3093.0,2014-06-21,5,1,0,0,1,0,0,0,5,0.5,0.4683195592286501,1,-0.8660254037844385,-0.4403941515576342,-0.9749279121818236,-0.2225209339563146
4689.0,2014-06-23,0,1,0,0,1,0,0,0,5,0.5,0.4738292011019284,0,-0.9945218953682732,-0.0506491688387135,0.0,1.0
3938.0,2014-06-24,1,1,0,0,1,0,0,0,5,0.5,0.4765840220385675,0,-0.9945218953682734,0.1514277775045766,0.7818314824680298,0.6234898018587336
4299.0,2014-06-25,2,1,0,0,1,0,0,0,5,0.5,0.4793388429752066,0,-0.9510565162951536,0.3473052528448203,0.9749279121818236,-0.22252093395631434
4103.0,2014-06-26,3,1,0,0,1,0,0,0,5,0.5,0.4820936639118457,0,-0.8660254037844386,0.5289640103269624,0.43388373911755823,-0.900968867902419
4786.0,2014-06-27,4,1,0,0,1,0,0,0,5,0.5,0.4848484848484848,0,-0.743144825477394,0.6889669190756865,-0.433883739117558,-0.9009688679024191
3343.0,2014-06-28,5,1,0,0,1,0,0,0,5,0.5,0.4876033057851239,1,-0.5877852522924734,0.8207634412072763,-0.9749279121818236,-0.2225209339563146
7662.0,2014-06-30,0,1,1,0,1,0,0,0,5,0.5,0.4931129476584022,0,-0.2079116908177589,0.9795299412524944,0.0,1.0
7543.0,2014-07-01,1,1,1,0,1,0,0,0,6,0.5,0.4958677685950413,0,0.0,0.9795299412524944,0.7818314824680298,0.6234898018587336
6288.0,2014-07-02,2,1,1,0,1,0,0,0,6,0.5,0.4986225895316804,0,0.2079116908177593,0.9189578116202306,0.9749279121818236,-0.22252093395631434
6101.0,2014-07-03,3,1,1,0,1,0,0,0,6,0.5,0.5013774104683195,0,0.4067366430758001,0.8207634412072763,0.43388373911755823,-0.900968867902419
5783.0,2014-07-04,4,1,1,0,1,0,0,0,6,0.5,0.5041322314049588,0,0.5877852522924731,0.6889669190756866,-0.433883739117558,-0.9009688679024191
3407.0,2014-07-05,5,1,0,0,1,0,0,0,6,0.5,0.5068870523415978,1,0.7431448254773941,0.5289640103269624,-0.9749279121818236,-0.2225209339563146
4690.0,2014-07-07,0,1,0,0,1,0,0,0,6,0.5,0.5123966942148761,0,0.9510565162951536,0.1514277775045767,0.0,1.0
4259.0,2014-07-08,1,1,0,0,1,0,0,0,6,0.5,0.5151515151515151,0,0.9945218953682732,-0.0506491688387126,0.7818314824680298,0.6234898018587336
4463.0,2014-07-09,2,1,0,0,1,0,0,0,6,0.5,0.5179063360881542,0,0.9945218953682734,-0.2506525322587204,0.9749279121818236,-0.22252093395631434
3883.0,2014-07-10,3,1,0,0,1,0,0,0,6,0.5,0.5206611570247934,0,0.9510565162951536,-0.4403941515576344,0.43388373911755823,-0.900968867902419
4599.0,2014-07-11,4,1,0,0,1,0,0,0,6,0.5,0.5234159779614325,0,0.8660254037844387,-0.6121059825476626,-0.433883739117558,-0.9009688679024191
3054.0,2014-07-12,5,1,0,0,1,0,0,0,6,0.5,0.5261707988980717,1,0.7431448254773945,-0.758758122692791,-0.9749279121818236,-0.2225209339563146
6693.0,2014-07-14,0,1,1,0,1,0,0,0,6,0.5,0.5316804407713498,0,0.4067366430758,-0.9541392564000488,0.0,1.0
6831.0,2014-07-15,1,1,1,0,1,0,0,0,6,0.5,0.534435261707989,0,0.2079116908177593,-0.994869323391895,0.7818314824680298,0.6234898018587336
5827.0,2014-07-16,2,1,1,0,1,0,0,0,6,0.5,0.5371900826446281,0,5.66553889764798e-16,-0.9948693233918952,0.9749279121818236,-0.22252093395631434
5440.0,2014-07-17,3,1,1,0,1,0,0,0,6,0.5,0.5399449035812671,0,-0.207911690817759,-0.9541392564000488,0.43388373911755823,-0.900968867902419
5582.0,2014-07-18,4,1,1,0,1,0,0,0,6,0.5,0.5426997245179064,0,-0.4067366430758002,-0.8743466161445822,-0.433883739117558,-0.9009688679024191
3327.0,2014-07-19,5,1,0,0,1,0,0,0,6,0.5,0.5454545454545454,1,-0.587785252292473,-0.7587581226927911,-0.9749279121818236,-0.2225209339563146
4296.0,2014-07-21,0,1,0,1,1,0,0,0,6,0.5,0.5509641873278237,0,-0.8660254037844385,-0.4403941515576342,0.0,1.0
4238.0,2014-07-22,1,1,0,1,1,0,0,0,6,0.5,0.5537190082644627,0,-0.9510565162951536,-0.2506525322587213,0.7818314824680298,0.6234898018587336
4275.0,2014-07-23,2,1,0,1,1,0,0,0,6,0.5,0.556473829201102,0,-0.9945218953682732,-0.0506491688387135,0.9749279121818236,-0.22252093395631434
4230.0,2014-07-24,3,1,0,1,1,0,0,0,6,0.5,0.559228650137741,0,-0.9945218953682734,0.1514277775045766,0.43388373911755823,-0.900968867902419
4128.0,2014-07-25,4,1,0,1,1,0,0,0,6,0.5,0.5619834710743801,0,-0.9510565162951536,0.3473052528448203,-0.433883739117558,-0.9009688679024191
2771.0,2014-07-26,5,1,0,0,1,0,0,0,6,0.5,0.5647382920110193,1,-0.8660254037844386,0.5289640103269624,-0.9749279121818236,-0.2225209339563146
6093.0,2014-07-28,0,1,1,1,1,0,0,0,6,0.5,0.5702479338842976,0,-0.5877852522924734,0.8207634412072763,0.0,1.0
5658.0,2014-07-29,1,1,1,1,1,0,0,0,6,0.5,0.5730027548209367,0,-0.4067366430758001,0.9189578116202306,0.7818314824680298,0.6234898018587336
5589.0,2014-07-30,2,1,1,1,1,0,0,0,6,0.5,0.5757575757575757,0,-0.2079116908177589,0.9795299412524944,0.9749279121818236,-0.22252093395631434
5933.0,2014-07-31,3,1,1,1,1,0,0,0,6,0.5,0.578512396694215,0,-1.133107779529596e-15,1.0,0.43388373911755823,-0.900968867902419
5931.0,2014-08-01,4,1,1,1,1,0,0,0,7,0.5,0.581267217630854,0,0.0,0.9795299412524944,-0.433883739117558,-0.9009688679024191
3201.0,2014-08-02,5,1,0,0,1,0,0,0,7,0.5,0.584022038567493,1,0.2079116908177593,0.9189578116202306,-0.9749279121818236,-0.2225209339563146
6550.0,2014-08-04,0,1,1,1,1,0,0,0,7,0.5,0.5895316804407713,0,0.5877852522924731,0.6889669190756866,0.0,1.0
5611.0,2014-08-05,1,1,1,1,1,0,0,0,7,0.5,0.5922865013774106,0,0.7431448254773941,0.5289640103269624,0.7818314824680298,0.6234898018587336
5310.0,2014-08-06,2,1,1,1,1,0,0,0,7,0.5,0.5950413223140496,0,0.8660254037844386,0.3473052528448203,0.9749279121818236,-0.22252093395631434
5251.0,2014-08-07,3,1,1,1,1,0,0,0,7,0.5,0.5977961432506886,0,0.9510565162951536,0.1514277775045767,0.43388373911755823,-0.900968867902419
5351.0,2014-08-08,4,1,1,1,1,0,0,0,7,0.5,0.6005509641873279,0,0.9945218953682732,-0.0506491688387126,-0.433883739117558,-0.9009688679024191
3023.0,2014-08-09,5,1,0,0,1,0,0,0,7,0.5,0.6033057851239669,1,0.9945218953682734,-0.2506525322587204,-0.9749279121818236,-0.2225209339563146
4552.0,2014-08-11,0,1,0,1,1,0,0,0,7,0.5,0.6088154269972452,0,0.8660254037844387,-0.6121059825476626,0.0,1.0
4140.0,2014-08-12,1,1,0,1,1,0,0,0,7,0.5,0.6115702479338843,0,0.7431448254773945,-0.758758122692791,0.7818314824680298,0.6234898018587336
4153.0,2014-08-13,2,1,0,1,1,0,0,0,7,0.5,0.6143250688705235,0,0.5877852522924732,-0.8743466161445821,0.9749279121818236,-0.22252093395631434
3930.0,2014-08-14,3,1,0,1,1,0,0,0,7,0.5,0.6170798898071626,0,0.4067366430758,-0.9541392564000488,0.43388373911755823,-0.900968867902419
4115.0,2014-08-15,4,1,0,1,1,0,0,0,7,0.5,0.6198347107438016,0,0.2079116908177593,-0.994869323391895,-0.433883739117558,-0.9009688679024191
2910.0,2014-08-16,5,1,0,0,1,0,0,0,7,0.5,0.6225895316804408,1,5.66553889764798e-16,-0.9948693233918952,-0.9749279121818236,-0.2225209339563146
6426.0,2014-08-18,0,1,1,1,1,0,0,0,7,0.5,0.6280991735537189,0,-0.4067366430758002,-0.8743466161445822,0.0,1.0
5209.0,2014-08-19,1,1,1,1,1,0,0,0,7,0.5,0.6308539944903582,0,-0.587785252292473,-0.7587581226927911,0.7818314824680298,0.6234898018587336
5354.0,2014-08-20,2,1,1,1,1,0,0,0,7,0.5,0.6336088154269972,0,-0.743144825477394,-0.6121059825476627,0.9749279121818236,-0.22252093395631434
4849.0,2014-08-21,3,1,1,1,1,0,0,0,7,0.5,0.6363636363636365,0,-0.8660254037844385,-0.4403941515576342,0.43388373911755823,-0.900968867902419
5012.0,2014-08-22,4,1,1,1,1,0,0,0,7,0.5,0.6391184573002755,0,-0.9510565162951536,-0.2506525322587213,-0.433883739117558,-0.9009688679024191
2822.0,2014-08-23,5,1,0,0,1,0,0,0,7,0.5,0.6418732782369145,1,-0.9945218953682732,-0.0506491688387135,-0.9749279121818236,-0.2225209339563146
4330.0,2014-08-25,0,1,0,1,1,0,0,0,7,0.5,0.6473829201101928,0,-0.9510565162951536,0.3473052528448203,0.0,1.0
3768.0,2014-08-26,1,1,0,1,1,0,0,0,7,0.5,0.6501377410468319,0,-0.8660254037844386,0.5289640103269624,0.7818314824680298,0.6234898018587336
4467.0,2014-08-27,2,1,0,1,1,0,0,0,7,0.5,0.6528925619834711,0,-0.743144825477394,0.6889669190756865,0.9749279121818236,-0.22252093395631434
3962.0,2014-08-28,3,1,0,1,1,0,0,0,7,0.5,0.6556473829201102,0,-0.5877852522924734,0.8207634412072763,0.43388373911755823,-0.900968867902419
5142.0,2014-08-29,4,1,0,1,1,0,0,0,7,0.5,0.6584022038567494,0,-0.4067366430758001,0.9189578116202306,-0.433883739117558,-0.9009688679024191
3282.0,2014-08-30,5,1,0,0,1,0,0,0,7,0.5,0.6611570247933884,1,-0.2079116908177589,0.9795299412524944,-0.9749279121818236,-0.2225209339563146
7586.0,2014-09-01,0,1,1,0,1,0,0,0,8,0.5,0.6666666666666667,0,0.0,0.9795299412524944,0.0,1.0
5934.0,2014-09-02,1,1,1,0,1,0,0,0,8,0.5,0.6694214876033058,0,0.2079116908177593,0.9189578116202306,0.7818314824680298,0.6234898018587336
5741.0,2014-09-03,2,1,1,0,1,0,0,0,8,0.5,0.6721763085399448,0,0.4067366430758001,0.8207634412072763,0.9749279121818236,-0.22252093395631434
5592.0,2014-09-04,3,1,1,0,1,0,0,0,8,0.5,0.6749311294765841,0,0.5877852522924731,0.6889669190756866,0.43388373911755823,-0.900968867902419
5642.0,2014-09-05,4,1,1,0,1,0,0,0,8,0.5,0.6776859504132231,0,0.7431448254773941,0.5289640103269624,-0.433883739117558,-0.9009688679024191
2962.0,2014-09-06,5,1,0,0,1,0,0,0,8,0.5,0.6804407713498624,1,0.8660254037844386,0.3473052528448203,-0.9749279121818236,-0.2225209339563146
4439.0,2014-09-08,0,1,0,0,1,0,0,0,8,0.5,0.6859504132231404,0,0.9945218953682732,-0.0506491688387126,0.0,1.0
4277.0,2014-09-09,1,1,0,0,1,0,0,0,8,0.5,0.6887052341597797,0,0.9945218953682734,-0.2506525322587204,0.7818314824680298,0.6234898018587336
3911.0,2014-09-10,2,1,0,0,1,0,0,0,8,0.5,0.6914600550964187,0,0.9510565162951536,-0.4403941515576344,0.9749279121818236,-0.22252093395631434
4365.0,2014-09-11,3,1,0,0,1,0,0,0,8,0.5,0.6942148760330578,0,0.8660254037844387,-0.6121059825476626,0.43388373911755823,-0.900968867902419
4558.0,2014-09-12,4,1,0,0,1,0,0,0,8,0.5,0.696969696969697,0,0.7431448254773945,-0.758758122692791,-0.433883739117558,-0.9009688679024191
3151.0,2014-09-13,5,1,0,0,1,0,0,0,8,0.5,0.699724517906336,1,0.5877852522924732,-0.8743466161445821,-0.9749279121818236,-0.2225209339563146
6826.0,2014-09-15,0,1,1,0,1,0,0,0,8,0.5,0.7052341597796143,0,0.2079116908177593,-0.994869323391895,0.0,1.0
5947.0,2014-09-16,1,1,1,0,1,0,0,0,8,0.5,0.7079889807162534,0,5.66553889764798e-16,-0.9948693233918952,0.7818314824680298,0.6234898018587336
5298.0,2014-09-17,2,1,1,0,1,0,0,0,8,0.5,0.7107438016528926,0,-0.207911690817759,-0.9541392564000488,0.9749279121818236,-0.22252093395631434
5372.0,2014-09-18,3,1,1,0,1,0,0,0,8,0.5,0.7134986225895317,0,-0.4067366430758002,-0.8743466161445822,0.43388373911755823,-0.900968867902419
5151.0,2014-09-19,4,1,1,0,1,0,0,0,8,0.5,0.7162534435261707,0,-0.587785252292473,-0.7587581226927911,-0.433883739117558,-0.9009688679024191
3079.0,2014-09-20,5,1,0,0,1,0,0,0,8,0.5,0.71900826446281,1,-0.743144825477394,-0.6121059825476627,-0.9749279121818236,-0.2225209339563146
4131.0,2014-09-22,0,1,0,0,1,0,0,0,8,0.5,0.7245179063360883,0,-0.9510565162951536,-0.2506525322587213,0.0,1.0
4896.0,2014-09-23,1,1,0,0,1,0,0,0,8,0.5,0.7272727272727273,0,-0.9945218953682732,-0.0506491688387135,0.7818314824680298,0.6234898018587336
3951.0,2014-09-24,2,1,0,0,1,0,0,0,8,0.5,0.7300275482093663,0,-0.9945218953682734,0.1514277775045766,0.9749279121818236,-0.22252093395631434
3977.0,2014-09-25,3,1,0,0,1,0,0,0,8,0.5,0.7327823691460056,0,-0.9510565162951536,0.3473052528448203,0.43388373911755823,-0.900968867902419
4521.0,2014-09-26,4,1,0,0,1,0,0,0,8,0.5,0.7355371900826446,0,-0.8660254037844386,0.5289640103269624,-0.433883739117558,-0.9009688679024191
2872.0,2014-09-27,5,1,0,0,1,0,0,0,8,0.5,0.7382920110192837,1,-0.743144825477394,0.6889669190756865,-0.9749279121818236,-0.2225209339563146
6397.0,2014-09-29,0,1,1,0,1,0,0,0,8,0.5,0.743801652892562,0,-0.4067366430758001,0.9189578116202306,0.0,1.0
7320.0,2014-09-30,1,1,1,0,1,0,0,0,8,0.5,0.7465564738292012,0,-0.2079116908177589,0.9795299412524944,0.7818314824680298,0.6234898018587336
6808.0,2014-10-01,2,1,1,0,1,0,0,0,9,0.5,0.7493112947658402,0,0.0,0.9795299412524944,0.9749279121818236,-0.22252093395631434
6545.0,2014-10-02,3,1,1,0,1,0,0,0,9,0.5,0.7520661157024793,0,0.2079116908177593,0.9189578116202306,0.43388373911755823,-0.900968867902419
4176.0,2014-10-04,5,1,0,0,1,0,0,0,9,0.5,0.7575757575757576,1,0.5877852522924731,0.6889669190756866,-0.9749279121818236,-0.2225209339563146
7346.0,2014-10-06,0,1,1,0,1,0,0,0,9,0.5,0.7630853994490359,0,0.8660254037844386,0.3473052528448203,0.0,1.0
5981.0,2014-10-07,1,1,1,0,1,0,0,0,9,0.5,0.7658402203856749,0,0.9510565162951536,0.1514277775045767,0.7818314824680298,0.6234898018587336
5778.0,2014-10-08,2,1,1,0,1,0,0,0,9,0.5,0.7685950413223142,0,0.9945218953682732,-0.0506491688387126,0.9749279121818236,-0.22252093395631434
5066.0,2014-10-09,3,1,1,0,1,0,0,0,9,0.5,0.7713498622589532,0,0.9945218953682734,-0.2506525322587204,0.43388373911755823,-0.900968867902419
5824.0,2014-10-10,4,1,1,0,1,0,0,0,9,0.5,0.7741046831955922,0,0.9510565162951536,-0.4403941515576344,-0.433883739117558,-0.9009688679024191
3269.0,2014-10-11,5,1,0,0,1,0,0,0,9,0.5,0.7768595041322315,1,0.8660254037844387,-0.6121059825476626,-0.9749279121818236,-0.2225209339563146
4691.0,2014-10-13,0,1,0,0,1,0,0,0,9,0.5,0.7823691460055096,0,0.5877852522924732,-0.8743466161445821,0.0,1.0
4597.0,2014-10-14,1,1,0,0,1,0,0,0,9,0.5,0.7851239669421488,0,0.4067366430758,-0.9541392564000488,0.7818314824680298,0.6234898018587336
4490.0,2014-10-15,2,1,0,0,1,0,0,0,9,0.5,0.7878787878787878,0,0.2079116908177593,-0.994869323391895,0.9749279121818236,-0.22252093395631434
4386.0,2014-10-16,3,1,0,0,1,0,0,0,9,0.5,0.7906336088154271,0,5.66553889764798e-16,-0.9948693233918952,0.43388373911755823,-0.900968867902419
4532.0,2014-10-17,4,1,0,0,1,0,0,0,9,0.5,0.7933884297520661,0,-0.207911690817759,-0.9541392564000488,-0.433883739117558,-0.9009688679024191
3346.0,2014-10-18,5,1,0,0,1,0,0,0,9,0.5,0.7961432506887052,1,-0.4067366430758002,-0.8743466161445822,-0.9749279121818236,-0.2225209339563146
6329.0,2014-10-20,0,1,1,1,1,0,0,0,9,0.5,0.8016528925619835,0,-0.743144825477394,-0.6121059825476627,0.0,1.0
5111.0,2014-10-21,1,1,1,1,1,0,0,0,9,0.5,0.8044077134986225,0,-0.8660254037844385,-0.4403941515576342,0.7818314824680298,0.6234898018587336
4454.0,2014-10-22,2,1,1,1,1,0,0,0,9,0.5,0.8071625344352618,0,-0.9510565162951536,-0.2506525322587213,0.9749279121818236,-0.22252093395631434
4679.0,2014-10-23,3,1,1,1,1,0,0,0,9,0.5,0.8099173553719008,0,-0.9945218953682732,-0.0506491688387135,0.43388373911755823,-0.900968867902419
4848.0,2014-10-24,4,1,1,1,1,0,0,0,9,0.5,0.81267217630854,0,-0.9945218953682734,0.1514277775045766,-0.433883739117558,-0.9009688679024191
2861.0,2014-10-25,5,1,0,0,1,0,0,0,9,0.5,0.8154269972451791,1,-0.9510565162951536,0.3473052528448203,-0.9749279121818236,-0.2225209339563146
4200.0,2014-10-27,0,1,0,1,1,0,0,0,9,0.5,0.8209366391184574,0,-0.743144825477394,0.6889669190756865,0.0,1.0
4225.0,2014-10-28,1,1,0,1,1,0,0,0,9,0.5,0.8236914600550964,0,-0.5877852522924734,0.8207634412072763,0.7818314824680298,0.6234898018587336
4411.0,2014-10-29,2,1,0,1,1,0,0,0,9,0.5,0.8264462809917354,0,-0.4067366430758001,0.9189578116202306,0.9749279121818236,-0.22252093395631434
5656.0,2014-10-30,3,1,0,1,1,0,0,0,9,0.5,0.8292011019283747,0,-0.2079116908177589,0.9795299412524944,0.43388373911755823,-0.900968867902419
3899.0,2014-11-01,5,1,0,0,1,0,0,0,10,0.5,0.834710743801653,1,0.0,0.9795299412524944,-0.9749279121818236,-0.2225209339563146
7869.0,2014-11-03,0,1,1,0,1,0,0,0,10,0.5,0.8402203856749311,0,0.4067366430758001,0.8207634412072763,0.0,1.0
6367.0,2014-11-04,1,1,1,0,1,0,0,0,10,0.5,0.8429752066115703,0,0.5877852522924731,0.6889669190756866,0.7818314824680298,0.6234898018587336
6742.0,2014-11-05,2,1,1,0,1,0,0,0,10,0.5,0.8457300275482094,0,0.7431448254773941,0.5289640103269624,0.9749279121818236,-0.22252093395631434
5599.0,2014-11-06,3,1,1,0,1,0,0,0,10,0.5,0.8484848484848484,0,0.8660254037844386,0.3473052528448203,0.43388373911755823,-0.900968867902419
5642.0,2014-11-07,4,1,1,0,1,0,0,0,10,0.5,0.8512396694214877,0,0.9510565162951536,0.1514277775045767,-0.433883739117558,-0.9009688679024191
3750.0,2014-11-08,5,1,0,0,1,0,0,0,10,0.5,0.8539944903581267,1,0.9945218953682732,-0.0506491688387126,-0.9749279121818236,-0.2225209339563146
6107.0,2014-11-10,0,1,1,0,1,0,0,0,10,0.5,0.859504132231405,0,0.9510565162951536,-0.4403941515576344,0.0,1.0
6272.0,2014-11-11,1,1,1,0,1,0,0,0,10,0.5,0.862258953168044,0,0.8660254037844387,-0.6121059825476626,0.7818314824680298,0.6234898018587336
5621.0,2014-11-12,2,1,1,0,1,0,0,0,10,0.5,0.8650137741046833,0,0.7431448254773945,-0.758758122692791,0.9749279121818236,-0.22252093395631434
5424.0,2014-11-13,3,1,1,0,1,0,0,0,10,0.5,0.8677685950413223,0,0.5877852522924732,-0.8743466161445821,0.43388373911755823,-0.900968867902419
5662.0,2014-11-14,4,1,1,0,1,0,0,0,10,0.5,0.8705234159779613,0,0.4067366430758,-0.9541392564000488,-0.433883739117558,-0.9009688679024191
3460.0,2014-11-15,5,1,0,0,1,0,0,0,10,0.5,0.8732782369146006,1,0.2079116908177593,-0.994869323391895,-0.9749279121818236,-0.2225209339563146
5220.0,2014-11-17,0,1,0,0,1,0,0,0,10,0.5,0.8787878787878789,0,-0.207911690817759,-0.9541392564000488,0.0,1.0
4747.0,2014-11-18,1,1,0,0,1,0,0,0,10,0.5,0.8815426997245179,0,-0.4067366430758002,-0.8743466161445822,0.7818314824680298,0.6234898018587336
5616.0,2014-11-20,3,1,0,0,1,0,0,0,10,0.5,0.8870523415977962,0,-0.743144825477394,-0.6121059825476627,0.43388373911755823,-0.900968867902419
4561.0,2014-11-21,4,1,0,0,1,0,0,0,10,0.5,0.8898071625344353,0,-0.8660254037844385,-0.4403941515576342,-0.433883739117558,-0.9009688679024191
3562.0,2014-11-22,5,1,0,0,1,0,0,0,10,0.5,0.8925619834710743,1,-0.9510565162951536,-0.2506525322587213,-0.9749279121818236,-0.2225209339563146
7877.0,2014-11-24,0,1,1,0,1,0,0,0,10,0.5,0.8980716253443526,0,-0.9945218953682734,0.1514277775045766,0.0,1.0
6974.0,2014-11-25,1,1,1,0,1,0,0,0,10,0.5,0.9008264462809918,0,-0.9510565162951536,0.3473052528448203,0.7818314824680298,0.6234898018587336
5855.0,2014-11-26,2,1,1,0,1,0,0,0,10,0.5,0.9035812672176308,0,-0.8660254037844386,0.5289640103269624,0.9749279121818236,-0.22252093395631434
6392.0,2014-11-27,3,1,1,0,1,0,0,0,10,0.5,0.90633608815427,0,-0.743144825477394,0.6889669190756865,0.43388373911755823,-0.900968867902419
7168.0,2014-11-28,4,1,1,0,1,0,0,0,10,0.5,0.9090909090909092,0,-0.5877852522924734,0.8207634412072763,-0.433883739117558,-0.9009688679024191
5105.0,2014-11-29,5,1,0,0,1,0,0,0,10,0.5,0.9118457300275482,1,-0.4067366430758001,0.9189578116202306,-0.9749279121818236,-0.2225209339563146
7638.0,2014-12-01,0,1,1,0,1,0,0,0,11,0.5,0.9173553719008264,0,0.0,0.9795299412524944,0.0,1.0
7092.0,2014-12-02,1,1,1,0,1,0,0,0,11,0.5,0.9201101928374656,0,0.2079116908177593,0.9189578116202306,0.7818314824680298,0.6234898018587336
6906.0,2014-12-03,2,1,1,0,1,0,0,0,11,0.5,0.9228650137741048,0,0.4067366430758001,0.8207634412072763,0.9749279121818236,-0.22252093395631434
6371.0,2014-12-04,3,1,1,0,1,0,0,0,11,0.5,0.9256198347107438,0,0.5877852522924731,0.6889669190756866,0.43388373911755823,-0.900968867902419
8320.0,2014-12-05,4,1,1,0,1,0,0,0,11,0.5,0.9283746556473828,0,0.7431448254773941,0.5289640103269624,-0.433883739117558,-0.9009688679024191
4530.0,2014-12-06,5,1,0,0,1,0,0,0,11,0.5,0.931129476584022,1,0.8660254037844386,0.3473052528448203,-0.9749279121818236,-0.2225209339563146
5859.0,2014-12-08,0,1,0,0,1,0,0,0,11,0.5,0.9366391184573002,0,0.9945218953682732,-0.0506491688387126,0.0,1.0
4930.0,2014-12-09,1,1,0,0,1,0,0,0,11,0.5,0.9393939393939394,0,0.9945218953682734,-0.2506525322587204,0.7818314824680298,0.6234898018587336
4735.0,2014-12-10,2,1,0,0,1,0,0,0,11,0.5,0.9421487603305784,0,0.9510565162951536,-0.4403941515576344,0.9749279121818236,-0.22252093395631434
4394.0,2014-12-11,3,1,0,0,1,0,0,0,11,0.5,0.9449035812672176,0,0.8660254037844387,-0.6121059825476626,0.43388373911755823,-0.900968867902419
5079.0,2014-12-12,4,1,0,0,1,0,0,0,11,0.5,0.9476584022038568,0,0.7431448254773945,-0.758758122692791,-0.433883739117558,-0.9009688679024191
4082.0,2014-12-13,5,1,0,0,1,0,0,0,11,0.5,0.9504132231404958,1,0.5877852522924732,-0.8743466161445821,-0.9749279121818236,-0.2225209339563146
9437.0,2014-12-15,0,1,1,0,1,0,0,0,11,0.5,0.955922865013774,0,0.2079116908177593,-0.994869323391895,0.0,1.0
7723.0,2014-12-16,1,1,1,0,1,0,0,0,11,0.5,0.9586776859504132,0,5.66553889764798e-16,-0.9948693233918952,0.7818314824680298,0.6234898018587336
7493.0,2014-12-17,2,1,1,0,1,0,0,0,11,0.5,0.9614325068870524,0,-0.207911690817759,-0.9541392564000488,0.9749279121818236,-0.22252093395631434
7131.0,2014-12-18,3,1,1,0,1,0,0,0,11,0.5,0.9641873278236914,0,-0.4067366430758002,-0.8743466161445822,0.43388373911755823,-0.900968867902419
7554.0,2014-12-19,4,1,1,0,1,0,0,0,11,0.5,0.9669421487603308,0,-0.587785252292473,-0.7587581226927911,-0.433883739117558,-0.9009688679024191
5142.0,2014-12-20,5,1,0,0,1,0,0,0,11,0.5,0.9696969696969696,1,-0.743144825477394,-0.6121059825476627,-0.9749279121818236,-0.2225209339563146
9297.0,2014-12-22,0,1,0,1,1,0,0,0,11,0.5,0.975206611570248,0,-0.9510565162951536,-0.2506525322587213,0.0,1.0
7982.0,2014-12-23,1,1,0,1,1,0,0,0,11,0.5,0.977961432506887,0,-0.9945218953682732,-0.0506491688387135,0.7818314824680298,0.6234898018587336
3357.0,2014-12-24,2,1,0,1,1,0,0,0,11,0.5,0.980716253443526,0,-0.9945218953682734,0.1514277775045766,0.9749279121818236,-0.22252093395631434
3990.0,2014-12-27,5,1,0,0,1,0,0,0,11,0.5,0.9889807162534436,1,-0.743144825477394,0.6889669190756865,-0.9749279121818236,-0.2225209339563146
5223.0,2014-12-29,0,1,0,1,1,0,0,0,11,0.5,0.9944903581267216,0,-0.4067366430758001,0.9189578116202306,0.0,1.0
5044.0,2014-12-30,1,1,0,1,1,0,0,0,11,0.5,0.9972451790633609,0,-0.2079116908177589,0.9795299412524944,0.7818314824680298,0.6234898018587336
2604.0,2014-12-31,2,1,0,1,1,0,0,0,11,0.5,1.0,0,-1.133107779529596e-15,1.0,0.9749279121818236,-0.22252093395631434
4273.0,2015-01-02,4,1,0,1,1,0,0,0,0,1.0,0.0,0,0.2079116908177593,0.9189578116202306,-0.433883739117558,-0.9009688679024191
3477.0,2015-01-03,5,1,0,0,1,0,0,0,0,1.0,0.0027548209366391,1,0.4067366430758001,0.8207634412072763,-0.9749279121818236,-0.2225209339563146
6459.0,2015-01-05,0,1,1,0,1,0,0,0,0,1.0,0.0082644628099173,0,0.7431448254773941,0.5289640103269624,0.0,1.0
5857.0,2015-01-06,1,1,1,0,1,0,0,0,0,1.0,0.0110192837465564,0,0.8660254037844386,0.3473052528448203,0.7818314824680298,0.6234898018587336
5206.0,2015-01-07,2,1,1,0,1,0,0,0,0,1.0,0.0137741046831955,0,0.9510565162951536,0.1514277775045767,0.9749279121818236,-0.22252093395631434
5043.0,2015-01-08,3,1,1,0,1,0,0,0,0,1.0,0.0165289256198347,0,0.9945218953682732,-0.0506491688387126,0.43388373911755823,-0.900968867902419
5246.0,2015-01-09,4,1,1,0,1,0,0,0,0,1.0,0.0192837465564738,0,0.9945218953682734,-0.2506525322587204,-0.433883739117558,-0.9009688679024191
3168.0,2015-01-10,5,1,0,0,1,0,0,0,0,1.0,0.0220385674931129,1,0.9510565162951536,-0.4403941515576344,-0.9749279121818236,-0.2225209339563146
6272.0,2015-01-12,0,1,1,0,1,0,0,0,0,1.0,0.0275482093663911,0,0.7431448254773945,-0.758758122692791,0.0,1.0
5510.0,2015-01-13,1,1,1,0,1,0,0,0,0,1.0,0.0303030303030303,0,0.5877852522924732,-0.8743466161445821,0.7818314824680298,0.6234898018587336
5709.0,2015-01-14,2,1,1,0,1,0,0,0,0,1.0,0.0330578512396694,0,0.4067366430758,-0.9541392564000488,0.9749279121818236,-0.22252093395631434
5151.0,2015-01-15,3,1,1,0,1,0,0,0,0,1.0,0.0358126721763085,0,0.2079116908177593,-0.994869323391895,0.43388373911755823,-0.900968867902419
5532.0,2015-01-16,4,1,1,0,1,0,0,0,0,1.0,0.0385674931129476,0,5.66553889764798e-16,-0.9948693233918952,-0.433883739117558,-0.9009688679024191
2941.0,2015-01-17,5,1,0,0,1,0,0,0,0,1.0,0.0413223140495867,1,-0.207911690817759,-0.9541392564000488,-0.9749279121818236,-0.2225209339563146
4025.0,2015-01-19,0,1,0,0,1,0,0,0,0,1.0,0.046831955922865,0,-0.587785252292473,-0.7587581226927911,0.0,1.0
3620.0,2015-01-20,1,1,0,0,1,0,0,0,0,1.0,0.0495867768595041,0,-0.743144825477394,-0.6121059825476627,0.7818314824680298,0.6234898018587336
4126.0,2015-01-21,2,1,0,0,1,0,0,0,0,1.0,0.0523415977961432,0,-0.8660254037844385,-0.4403941515576342,0.9749279121818236,-0.22252093395631434
3670.0,2015-01-22,3,1,0,0,1,0,0,0,0,1.0,0.0550964187327823,0,-0.9510565162951536,-0.2506525322587213,0.43388373911755823,-0.900968867902419
3711.0,2015-01-23,4,1,0,0,1,0,0,0,0,1.0,0.0578512396694214,0,-0.9945218953682732,-0.0506491688387135,-0.433883739117558,-0.9009688679024191
3022.0,2015-01-24,5,1,0,0,1,0,0,0,0,1.0,0.0606060606060606,1,-0.9945218953682734,0.1514277775045766,-0.9749279121818236,-0.2225209339563146
6360.0,2015-01-26,0,1,1,0,1,0,0,0,0,1.0,0.0661157024793388,0,-0.8660254037844386,0.5289640103269624,0.0,1.0
5079.0,2015-01-27,1,1,1,0,1,0,0,0,0,1.0,0.0688705234159779,0,-0.743144825477394,0.6889669190756865,0.7818314824680298,0.6234898018587336
6077.0,2015-01-28,2,1,1,0,1,0,0,0,0,1.0,0.071625344352617,0,-0.5877852522924734,0.8207634412072763,0.9749279121818236,-0.22252093395631434
5395.0,2015-01-29,3,1,1,0,1,0,0,0,0,1.0,0.0743801652892562,0,-0.4067366430758001,0.9189578116202306,0.43388373911755823,-0.900968867902419
6555.0,2015-01-30,4,1,1,0,1,0,0,0,0,1.0,0.0771349862258953,0,-0.2079116908177589,0.9795299412524944,-0.433883739117558,-0.9009688679024191
3352.0,2015-01-31,5,1,0,0,1,0,0,0,0,1.0,0.0798898071625344,1,-1.133107779529596e-15,1.0,-0.9749279121818236,-0.2225209339563146
7413.0,2015-02-02,0,1,1,0,1,0,0,0,1,1.0,0.0853994490358126,0,0.2079116908177593,0.9189578116202306,0.0,1.0
6055.0,2015-02-03,1,1,1,0,1,0,0,0,1,1.0,0.0881542699724518,0,0.4067366430758001,0.8207634412072763,0.7818314824680298,0.6234898018587336
5034.0,2015-02-04,2,1,1,0,1,0,0,0,1,1.0,0.0909090909090909,0,0.5877852522924731,0.6889669190756866,0.9749279121818236,-0.22252093395631434
5265.0,2015-02-05,3,1,1,0,1,0,0,0,1,1.0,0.09366391184573,0,0.7431448254773941,0.5289640103269624,0.43388373911755823,-0.900968867902419
5268.0,2015-02-06,4,1,1,0,1,0,0,0,1,1.0,0.0964187327823691,0,0.8660254037844386,0.3473052528448203,-0.433883739117558,-0.9009688679024191
3320.0,2015-02-07,5,1,0,0,1,0,0,0,1,1.0,0.0991735537190082,1,0.9510565162951536,0.1514277775045767,-0.9749279121818236,-0.2225209339563146
3834.0,2015-02-09,0,1,0,1,1,0,0,0,1,1.0,0.1046831955922865,0,0.9945218953682734,-0.2506525322587204,0.0,1.0
4076.0,2015-02-10,1,1,0,1,1,0,0,0,1,1.0,0.1074380165289256,0,0.9510565162951536,-0.4403941515576344,0.7818314824680298,0.6234898018587336
3843.0,2015-02-11,2,1,0,1,1,0,0,0,1,1.0,0.1101928374655647,0,0.8660254037844387,-0.6121059825476626,0.9749279121818236,-0.22252093395631434
3679.0,2015-02-12,3,1,0,1,1,0,0,0,1,1.0,0.1129476584022038,0,0.7431448254773945,-0.758758122692791,0.43388373911755823,-0.900968867902419
4083.0,2015-02-13,4,1,0,1,1,0,0,0,1,1.0,0.1157024793388429,0,0.5877852522924732,-0.8743466161445821,-0.433883739117558,-0.9009688679024191
2905.0,2015-02-14,5,1,0,0,1,0,0,0,1,1.0,0.1184573002754821,1,0.4067366430758,-0.9541392564000488,-0.9749279121818236,-0.2225209339563146
6506.0,2015-02-16,0,1,1,1,1,0,0,0,1,1.0,0.1239669421487603,0,5.66553889764798e-16,-0.9948693233918952,0.0,1.0
5586.0,2015-02-17,1,1,1,1,1,0,0,0,1,1.0,0.1267217630853994,0,-0.207911690817759,-0.9541392564000488,0.7818314824680298,0.6234898018587336
4618.0,2015-02-18,2,1,1,1,1,0,0,0,1,1.0,0.1294765840220385,0,-0.4067366430758002,-0.8743466161445822,0.9749279121818236,-0.22252093395631434
4911.0,2015-02-19,3,1,1,1,1,0,0,0,1,1.0,0.1322314049586777,0,-0.587785252292473,-0.7587581226927911,0.43388373911755823,-0.900968867902419
5314.0,2015-02-20,4,1,1,1,1,0,0,0,1,1.0,0.1349862258953168,0,-0.743144825477394,-0.6121059825476627,-0.433883739117558,-0.9009688679024191
3086.0,2015-02-21,5,1,0,0,1,0,0,0,1,1.0,0.1377410468319559,1,-0.8660254037844385,-0.4403941515576342,-0.9749279121818236,-0.2225209339563146
3783.0,2015-02-23,0,1,0,0,1,0,0,0,1,1.0,0.1432506887052341,0,-0.9945218953682732,-0.0506491688387135,0.0,1.0
4044.0,2015-02-24,1,1,0,0,1,0,0,0,1,1.0,0.1460055096418732,0,-0.9945218953682734,0.1514277775045766,0.7818314824680298,0.6234898018587336
3936.0,2015-02-25,2,1,0,0,1,0,0,0,1,1.0,0.1487603305785124,0,-0.9510565162951536,0.3473052528448203,0.9749279121818236,-0.22252093395631434
3948.0,2015-02-26,3,1,0,0,1,0,0,0,1,1.0,0.1515151515151515,0,-0.8660254037844386,0.5289640103269624,0.43388373911755823,-0.900968867902419
4887.0,2015-02-27,4,1,0,0,1,0,0,0,1,1.0,0.1542699724517906,0,-0.743144825477394,0.6889669190756865,-0.433883739117558,-0.9009688679024191
3320.0,2015-02-28,5,1,0,0,1,0,0,0,1,1.0,0.1570247933884297,1,-0.5877852522924734,0.8207634412072763,-0.9749279121818236,-0.2225209339563146
7519.0,2015-03-02,0,1,1,0,1,0,0,0,2,1.0,0.162534435261708,0,0.2079116908177593,0.9189578116202306,0.0,1.0
5872.0,2015-03-03,1,1,1,0,1,0,0,0,2,1.0,0.1652892561983471,0,0.4067366430758001,0.8207634412072763,0.7818314824680298,0.6234898018587336
5714.0,2015-03-04,2,1,1,0,1,0,0,0,2,1.0,0.1680440771349862,0,0.5877852522924731,0.6889669190756866,0.9749279121818236,-0.22252093395631434
4500.0,2015-03-05,3,1,1,0,1,0,0,0,2,1.0,0.1707988980716253,0,0.7431448254773941,0.5289640103269624,0.43388373911755823,-0.900968867902419
5392.0,2015-03-06,4,1,1,0,1,0,0,0,2,1.0,0.1735537190082644,0,0.8660254037844386,0.3473052528448203,-0.433883739117558,-0.9009688679024191
3036.0,2015-03-07,5,1,0,0,1,0,0,0,2,1.0,0.1763085399449036,1,0.9510565162951536,0.1514277775045767,-0.9749279121818236,-0.2225209339563146
4113.0,2015-03-09,0,1,0,0,1,0,0,0,2,1.0,0.1818181818181818,0,0.9945218953682734,-0.2506525322587204,0.0,1.0
4356.0,2015-03-10,1,1,0,0,1,0,0,0,2,1.0,0.1845730027548209,0,0.9510565162951536,-0.4403941515576344,0.7818314824680298,0.6234898018587336
3904.0,2015-03-11,2,1,0,0,1,0,0,0,2,1.0,0.18732782369146,0,0.8660254037844387,-0.6121059825476626,0.9749279121818236,-0.22252093395631434
3635.0,2015-03-12,3,1,0,0,1,0,0,0,2,1.0,0.1900826446280991,0,0.7431448254773945,-0.758758122692791,0.43388373911755823,-0.900968867902419
4149.0,2015-03-13,4,1,0,0,1,0,0,0,2,1.0,0.1928374655647383,0,0.5877852522924732,-0.8743466161445821,-0.433883739117558,-0.9009688679024191
3164.0,2015-03-14,5,1,0,0,1,0,0,0,2,1.0,0.1955922865013774,1,0.4067366430758,-0.9541392564000488,-0.9749279121818236,-0.2225209339563146
7358.0,2015-03-16,0,1,1,0,1,0,0,0,2,1.0,0.2011019283746556,0,5.66553889764798e-16,-0.9948693233918952,0.0,1.0
5711.0,2015-03-17,1,1,1,0,1,0,0,0,2,1.0,0.2038567493112947,0,-0.207911690817759,-0.9541392564000488,0.7818314824680298,0.6234898018587336
4766.0,2015-03-18,2,1,1,0,1,0,0,0,2,1.0,0.2066115702479339,0,-0.4067366430758002,-0.8743466161445822,0.9749279121818236,-0.22252093395631434
5053.0,2015-03-19,3,1,1,0,1,0,0,0,2,1.0,0.209366391184573,0,-0.587785252292473,-0.7587581226927911,0.43388373911755823,-0.900968867902419
5120.0,2015-03-20,4,1,1,0,1,0,0,0,2,1.0,0.2121212121212121,0,-0.743144825477394,-0.6121059825476627,-0.433883739117558,-0.9009688679024191
3121.0,2015-03-21,5,1,0,0,1,0,0,0,2,1.0,0.2148760330578512,1,-0.8660254037844385,-0.4403941515576342,-0.9749279121818236,-0.2225209339563146
4241.0,2015-03-23,0,1,0,0,1,0,0,0,2,1.0,0.2203856749311294,0,-0.9945218953682732,-0.0506491688387135,0.0,1.0
3989.0,2015-03-24,1,1,0,0,1,0,0,0,2,1.0,0.2231404958677686,0,-0.9945218953682734,0.1514277775045766,0.7818314824680298,0.6234898018587336
4198.0,2015-03-25,2,1,0,0,1,0,0,0,2,1.0,0.2258953168044077,0,-0.9510565162951536,0.3473052528448203,0.9749279121818236,-0.22252093395631434
3930.0,2015-03-26,3,1,0,0,1,0,0,0,2,1.0,0.2286501377410468,0,-0.8660254037844386,0.5289640103269624,0.43388373911755823,-0.900968867902419
4101.0,2015-03-27,4,1,0,0,1,0,0,0,2,1.0,0.2314049586776859,0,-0.743144825477394,0.6889669190756865,-0.433883739117558,-0.9009688679024191
3134.0,2015-03-28,5,1,0,0,1,0,0,0,2,1.0,0.234159779614325,1,-0.5877852522924734,0.8207634412072763,-0.9749279121818236,-0.2225209339563146
6759.0,2015-03-30,0,1,1,0,1,0,0,0,2,1.0,0.2396694214876033,0,-0.2079116908177589,0.9795299412524944,0.0,1.0
6803.0,2015-03-31,1,1,1,0,1,0,0,0,2,1.0,0.2424242424242424,0,-1.133107779529596e-15,1.0,0.7818314824680298,0.6234898018587336
7705.0,2015-04-01,2,1,1,0,1,0,0,0,3,1.0,0.2451790633608815,0,0.0,0.9795299412524944,0.9749279121818236,-0.22252093395631434
7520.0,2015-04-02,3,1,1,1,1,0,0,0,3,1.0,0.2479338842975206,0,0.2079116908177593,0.9189578116202306,0.43388373911755823,-0.900968867902419
3941.0,2015-04-04,5,1,0,0,1,0,0,0,3,1.0,0.2534435261707989,1,0.5877852522924731,0.6889669190756866,-0.9749279121818236,-0.2225209339563146
4770.0,2015-04-07,1,1,0,1,1,0,0,0,3,1.0,0.2617079889807163,0,0.9510565162951536,0.1514277775045767,0.7818314824680298,0.6234898018587336
4461.0,2015-04-08,2,1,0,1,1,0,0,0,3,1.0,0.2644628099173554,0,0.9945218953682732,-0.0506491688387126,0.9749279121818236,-0.22252093395631434
4380.0,2015-04-09,3,1,0,1,1,0,0,0,3,1.0,0.2672176308539944,0,0.9945218953682734,-0.2506525322587204,0.43388373911755823,-0.900968867902419
4247.0,2015-04-10,4,1,0,1,1,0,0,0,3,1.0,0.2699724517906336,0,0.9510565162951536,-0.4403941515576344,-0.433883739117558,-0.9009688679024191
3138.0,2015-04-11,5,1,0,0,1,0,0,0,3,1.0,0.2727272727272727,1,0.8660254037844387,-0.6121059825476626,-0.9749279121818236,-0.2225209339563146
7624.0,2015-04-13,0,1,1,0,1,0,0,0,3,1.0,0.2782369146005509,0,0.5877852522924732,-0.8743466161445821,0.0,1.0
5235.0,2015-04-14,1,1,1,0,1,0,0,0,3,1.0,0.2809917355371901,0,0.4067366430758,-0.9541392564000488,0.7818314824680298,0.6234898018587336
5364.0,2015-04-15,2,1,1,0,1,0,0,0,3,1.0,0.2837465564738292,0,0.2079116908177593,-0.994869323391895,0.9749279121818236,-0.22252093395631434
5734.0,2015-04-16,3,1,1,0,1,0,0,0,3,1.0,0.2865013774104683,0,5.66553889764798e-16,-0.9948693233918952,0.43388373911755823,-0.900968867902419
5862.0,2015-04-17,4,1,1,0,1,0,0,0,3,1.0,0.2892561983471074,0,-0.207911690817759,-0.9541392564000488,-0.433883739117558,-0.9009688679024191
2937.0,2015-04-18,5,1,0,0,1,0,0,0,3,1.0,0.2920110192837465,1,-0.4067366430758002,-0.8743466161445822,-0.9749279121818236,-0.2225209339563146
4347.0,2015-04-20,0,1,0,0,1,0,0,0,3,1.0,0.2975206611570248,0,-0.743144825477394,-0.6121059825476627,0.0,1.0
3398.0,2015-04-21,1,1,0,0,1,0,0,0,3,1.0,0.3002754820936639,0,-0.8660254037844385,-0.4403941515576342,0.7818314824680298,0.6234898018587336
4116.0,2015-04-22,2,1,0,0,1,0,0,0,3,1.0,0.303030303030303,0,-0.9510565162951536,-0.2506525322587213,0.9749279121818236,-0.22252093395631434
3704.0,2015-04-23,3,1,0,0,1,0,0,0,3,1.0,0.3057851239669422,0,-0.9945218953682732,-0.0506491688387135,0.43388373911755823,-0.900968867902419
3209.0,2015-04-24,4,1,0,0,1,0,0,0,3,1.0,0.3085399449035813,0,-0.9945218953682734,0.1514277775045766,-0.433883739117558,-0.9009688679024191
2737.0,2015-04-25,5,1,0,0,1,0,0,0,3,1.0,0.3112947658402203,1,-0.9510565162951536,0.3473052528448203,-0.9749279121818236,-0.2225209339563146
6772.0,2015-04-27,0,1,1,0,1,0,0,0,3,1.0,0.3168044077134986,0,-0.743144825477394,0.6889669190756865,0.0,1.0
5458.0,2015-04-28,1,1,1,0,1,0,0,0,3,1.0,0.3195592286501377,0,-0.5877852522924734,0.8207634412072763,0.7818314824680298,0.6234898018587336
6682.0,2015-04-29,2,1,1,0,1,0,0,0,3,1.0,0.3223140495867768,0,-0.4067366430758001,0.9189578116202306,0.9749279121818236,-0.22252093395631434
7287.0,2015-04-30,3,1,1,0,1,0,0,0,3,1.0,0.325068870523416,0,-0.2079116908177589,0.9795299412524944,0.43388373911755823,-0.900968867902419
4033.0,2015-05-02,5,1,0,0,1,0,0,0,4,1.0,0.3305785123966942,1,0.2079116908177593,0.9189578116202306,-0.9749279121818236,-0.2225209339563146
7521.0,2015-05-04,0,1,1,0,1,0,0,0,4,1.0,0.3360881542699724,0,0.5877852522924731,0.6889669190756866,0.0,1.0
5608.0,2015-05-05,1,1,1,0,1,0,0,0,4,1.0,0.3388429752066116,0,0.7431448254773941,0.5289640103269624,0.7818314824680298,0.6234898018587336
5683.0,2015-05-06,2,1,1,0,1,0,0,0,4,1.0,0.3415977961432507,0,0.8660254037844386,0.3473052528448203,0.9749279121818236,-0.22252093395631434
5114.0,2015-05-07,3,1,1,0,1,0,0,0,4,1.0,0.3443526170798898,0,0.9510565162951536,0.1514277775045767,0.43388373911755823,-0.900968867902419
4931.0,2015-05-08,4,1,1,0,1,0,0,0,4,1.0,0.3471074380165289,0,0.9945218953682732,-0.0506491688387126,-0.433883739117558,-0.9009688679024191
3034.0,2015-05-09,5,1,0,0,1,0,0,0,4,1.0,0.3498622589531681,1,0.9945218953682734,-0.2506525322587204,-0.9749279121818236,-0.2225209339563146
4424.0,2015-05-11,0,1,0,0,1,0,0,0,4,1.0,0.3553719008264462,0,0.8660254037844387,-0.6121059825476626,0.0,1.0
4124.0,2015-05-12,1,1,0,0,1,0,0,0,4,1.0,0.3581267217630854,0,0.7431448254773945,-0.758758122692791,0.7818314824680298,0.6234898018587336
5029.0,2015-05-13,2,1,0,0,1,0,0,0,4,1.0,0.3608815426997245,0,0.5877852522924732,-0.8743466161445821,0.9749279121818236,-0.22252093395631434
4802.0,2015-05-15,4,1,0,1,1,0,0,0,4,1.0,0.3663911845730027,0,0.2079116908177593,-0.994869323391895,-0.433883739117558,-0.9009688679024191
3245.0,2015-05-16,5,1,0,0,1,0,0,0,4,1.0,0.3691460055096419,1,5.66553889764798e-16,-0.9948693233918952,-0.9749279121818236,-0.2225209339563146
6552.0,2015-05-18,0,1,1,0,1,0,0,0,4,1.0,0.3746556473829201,0,-0.4067366430758002,-0.8743466161445822,0.0,1.0
5877.0,2015-05-19,1,1,1,0,1,0,0,0,4,1.0,0.3774104683195592,0,-0.587785252292473,-0.7587581226927911,0.7818314824680298,0.6234898018587336
5587.0,2015-05-20,2,1,1,0,1,0,0,0,4,1.0,0.3801652892561983,0,-0.743144825477394,-0.6121059825476627,0.9749279121818236,-0.22252093395631434
5306.0,2015-05-21,3,1,1,0,1,0,0,0,4,1.0,0.3829201101928375,0,-0.8660254037844385,-0.4403941515576342,0.43388373911755823,-0.900968867902419
6133.0,2015-05-22,4,1,1,0,1,0,0,0,4,1.0,0.3856749311294766,0,-0.9510565162951536,-0.2506525322587213,-0.433883739117558,-0.9009688679024191
3253.0,2015-05-23,5,1,0,0,1,0,0,0,4,1.0,0.3884297520661157,1,-0.9945218953682732,-0.0506491688387135,-0.9749279121818236,-0.2225209339563146
4574.0,2015-05-26,1,1,0,0,1,0,0,0,4,1.0,0.396694214876033,0,-0.8660254037844386,0.5289640103269624,0.7818314824680298,0.6234898018587336
4573.0,2015-05-27,2,1,0,0,1,0,0,0,4,1.0,0.3994490358126721,0,-0.743144825477394,0.6889669190756865,0.9749279121818236,-0.22252093395631434
4754.0,2015-05-28,3,1,0,0,1,0,0,0,4,1.0,0.4022038567493113,0,-0.5877852522924734,0.8207634412072763,0.43388373911755823,-0.900968867902419
5435.0,2015-05-29,4,1,0,0,1,0,0,0,4,1.0,0.4049586776859504,0,-0.4067366430758001,0.9189578116202306,-0.433883739117558,-0.9009688679024191
3756.0,2015-05-30,5,1,0,0,1,0,0,0,4,1.0,0.4077134986225895,1,-0.2079116908177589,0.9795299412524944,-0.9749279121818236,-0.2225209339563146
